filename,labels
emotionet_5_sixth_50000_250013.jpg,1
emotionet_5_sixth_50000_250014.jpg,7
emotionet_5_sixth_50000_250031.jpg,6
emotionet_5_sixth_50000_250092.jpg,0
emotionet_5_sixth_50000_250095.jpg,3
emotionet_5_sixth_50000_250112.jpg,0
emotionet_5_sixth_50000_250115.jpg,8
emotionet_5_sixth_50000_250129.jpg,0
emotionet_5_sixth_50000_250130.jpg,1
emotionet_5_sixth_50000_250137.jpg,5
emotionet_5_sixth_50000_250160.jpg,0
emotionet_5_sixth_50000_250184.jpg,7
emotionet_5_sixth_50000_250202.jpg,3
emotionet_5_sixth_50000_250205.jpg,1
emotionet_5_sixth_50000_250242.jpg,8
emotionet_5_sixth_50000_250270.jpg,4
emotionet_5_sixth_50000_250277.jpg,3
emotionet_5_sixth_50000_250279.jpg,3
emotionet_5_sixth_50000_250293.jpg,8
emotionet_5_sixth_50000_250303.jpg,4
emotionet_5_sixth_50000_250304.jpg,6
emotionet_5_sixth_50000_250321.jpg,8
emotionet_5_sixth_50000_250326.jpg,5
emotionet_5_sixth_50000_250328.jpg,0
emotionet_5_sixth_50000_250353.jpg,4
emotionet_5_sixth_50000_250354.jpg,1
emotionet_5_sixth_50000_250382.jpg,3
emotionet_5_sixth_50000_250457.jpg,8
emotionet_5_sixth_50000_250475.jpg,0
emotionet_5_sixth_50000_250508.jpg,4
emotionet_5_sixth_50000_250556.jpg,6
emotionet_5_sixth_50000_250573.jpg,0
emotionet_5_sixth_50000_250574.jpg,2
emotionet_5_sixth_50000_250605.JPG,5
emotionet_5_sixth_50000_250611.jpg,8
emotionet_5_sixth_50000_250623.jpg,3
emotionet_5_sixth_50000_250732.jpg,8
emotionet_5_sixth_50000_250749.jpg,2
emotionet_5_sixth_50000_250791.jpg,3
emotionet_5_sixth_50000_250796.jpg,3
emotionet_5_sixth_50000_250807.jpg,8
emotionet_5_sixth_50000_250822.jpg,6
emotionet_5_sixth_50000_250825.jpg,3
emotionet_5_sixth_50000_250850.jpg,7
emotionet_5_sixth_50000_250857.jpg,4
emotionet_5_sixth_50000_250859.jpg,3
emotionet_5_sixth_50000_250888.jpg,4
emotionet_5_sixth_50000_250892.JPG,0
emotionet_5_sixth_50000_250906.jpg,4
emotionet_5_sixth_50000_250908.jpg,3
emotionet_5_sixth_50000_250958.jpg,0
emotionet_5_sixth_50000_250974.jpg,2
emotionet_5_sixth_50000_250989.jpg,0
emotionet_5_sixth_50000_250997.jpg,6
emotionet_5_sixth_50000_251001.jpg,6
emotionet_5_sixth_50000_251056.jpg,3
emotionet_5_sixth_50000_251058.jpg,0
emotionet_5_sixth_50000_251087.jpg,7
emotionet_5_sixth_50000_251100.jpg,1
emotionet_5_sixth_50000_251122.jpg,5
emotionet_5_sixth_50000_251125.jpg,7
emotionet_5_sixth_50000_251188.jpg,4
emotionet_5_sixth_50000_251217.jpg,3
emotionet_5_sixth_50000_251219.jpg,5
emotionet_5_sixth_50000_251374.jpg,2
emotionet_5_sixth_50000_251379.JPG,8
emotionet_5_sixth_50000_251390.jpg,8
emotionet_5_sixth_50000_251397.jpg,3
emotionet_5_sixth_50000_251402.jpg,2
emotionet_5_sixth_50000_251437.jpg,0
emotionet_5_sixth_50000_251439.jpg,3
emotionet_5_sixth_50000_251442.jpg,8
emotionet_5_sixth_50000_251445.jpg,2
emotionet_5_sixth_50000_251538.jpg,6
emotionet_5_sixth_50000_251543.jpg,4
emotionet_5_sixth_50000_251544.jpg,6
emotionet_5_sixth_50000_251561.jpg,6
emotionet_5_sixth_50000_251568.jpg,8
emotionet_5_sixth_50000_251595.jpg,2
emotionet_5_sixth_50000_251603.jpg,6
emotionet_5_sixth_50000_251653.jpg,7
emotionet_5_sixth_50000_251654.jpg,0
emotionet_5_sixth_50000_251671.jpg,6
emotionet_5_sixth_50000_251682.jpg,8
emotionet_5_sixth_50000_251685.jpg,2
emotionet_5_sixth_50000_251715.jpg,7
emotionet_5_sixth_50000_251720.jpg,4
emotionet_5_sixth_50000_251727.jpg,4
emotionet_5_sixth_50000_251729.jpg,5
emotionet_5_sixth_50000_251752.jpg,8
emotionet_5_sixth_50000_251755.jpg,6
emotionet_5_sixth_50000_251769.jpg,8
emotionet_5_sixth_50000_251770.jpg,2
emotionet_5_sixth_50000_251783.jpg,0
emotionet_5_sixth_50000_251812.jpg,1
emotionet_5_sixth_50000_251835.jpeg,2
emotionet_5_sixth_50000_251842.jpg,3
emotionet_5_sixth_50000_251869.jpg,5
emotionet_5_sixth_50000_251913.jpg,6
emotionet_5_sixth_50000_251914.jpg,6
emotionet_5_sixth_50000_251936.jpg,3
emotionet_5_sixth_50000_252030.jpg,6
emotionet_5_sixth_50000_252060.jpg,0
emotionet_5_sixth_50000_252067.jpg,4
emotionet_5_sixth_50000_252114.jpg,5
emotionet_5_sixth_50000_252136.jpg,6
emotionet_5_sixth_50000_252168.jpg,5
emotionet_5_sixth_50000_252203.jpg,5
emotionet_5_sixth_50000_252204.jpg,7
emotionet_5_sixth_50000_252221.jpg,2
emotionet_5_sixth_50000_252226.jpg,0
emotionet_5_sixth_50000_252228.jpg,4
emotionet_5_sixth_50000_252253.jpg,1
emotionet_5_sixth_50000_252254.jpg,5
emotionet_5_sixth_50000_252261.jpg,5
emotionet_5_sixth_50000_252278.jpg,1
emotionet_5_sixth_50000_252282.jpg,5
emotionet_5_sixth_50000_252305.jpg,3
emotionet_5_sixth_50000_252339.jpg,6
emotionet_5_sixth_50000_252377.jpg,6
emotionet_5_sixth_50000_252379.jpg,6
emotionet_5_sixth_50000_252517.jpg,2
emotionet_5_sixth_50000_252525.jpg,8
emotionet_5_sixth_50000_252581.jpg,6
emotionet_5_sixth_50000_252586.jpg,0
emotionet_5_sixth_50000_252600.jpg,5
emotionet_5_sixth_50000_252626.JPG,4
emotionet_5_sixth_50000_252698.jpg,0
emotionet_5_sixth_50000_252716.jpg,2
emotionet_5_sixth_50000_252718.jpg,5
emotionet_5_sixth_50000_252741.jpg,7
emotionet_5_sixth_50000_252746.jpg,8
emotionet_5_sixth_50000_252764.jpg,7
emotionet_5_sixth_50000_252790.jpg,0
emotionet_5_sixth_50000_252801.jpg,1
emotionet_5_sixth_50000_252806.jpg,1
emotionet_5_sixth_50000_252808.jpg,3
emotionet_5_sixth_50000_252823.jpg,7
emotionet_5_sixth_50000_252824.jpg,7
emotionet_5_sixth_50000_252854.jpeg,6
emotionet_5_sixth_50000_252873.jpg,2
emotionet_5_sixth_50000_252874.jpg,3
emotionet_5_sixth_50000_252907.jpg,3
emotionet_5_sixth_50000_252925.jpg,1
emotionet_5_sixth_50000_252950.jpg,2
emotionet_5_sixth_50000_252965.jpg,0
emotionet_5_sixth_50000_252981.jpg,0
emotionet_5_sixth_50000_252986.jpg,5
emotionet_5_sixth_50000_253007.jpg,0
emotionet_5_sixth_50000_253040.jpg,5
emotionet_5_sixth_50000_253072.jpg,0
emotionet_5_sixth_50000_253075.jpg,3
emotionet_5_sixth_50000_253101.jpg,2
emotionet_5_sixth_50000_253106.jpg,4
emotionet_5_sixth_50000_253124.jpg,3
emotionet_5_sixth_50000_253241.jpg,5
emotionet_5_sixth_50000_253290.jpg,1
emotionet_5_sixth_50000_253297.jpg,5
emotionet_5_sixth_50000_253299.jpg,2
emotionet_5_sixth_50000_253310.jpg,2
emotionet_5_sixth_50000_253317.jpg,6
emotionet_5_sixth_50000_253319.jpg,7
emotionet_5_sixth_50000_253335.jpg,3
emotionet_5_sixth_50000_253349.jpg,3
emotionet_5_sixth_50000_253365.jpg,5
emotionet_5_sixth_50000_253461.jpg,5
emotionet_5_sixth_50000_253466.jpg,5
emotionet_5_sixth_50000_253492.jpg,5
emotionet_5_sixth_50000_253537.jpg,3
emotionet_5_sixth_50000_253545.jpg,2
emotionet_5_sixth_50000_253560.jpg,3
emotionet_5_sixth_50000_253567.jpg,2
emotionet_5_sixth_50000_253627.jpg,6
emotionet_5_sixth_50000_253652.jpg,7
emotionet_5_sixth_50000_253677.jpg,5
emotionet_5_sixth_50000_253754.jpg,2
emotionet_5_sixth_50000_253778.jpg,5
emotionet_5_sixth_50000_253785.jpg,0
emotionet_5_sixth_50000_253813.jpg,8
emotionet_5_sixth_50000_253836.jpg,4
emotionet_5_sixth_50000_253853.jpg,5
emotionet_5_sixth_50000_253861.jpg,5
emotionet_5_sixth_50000_253866.jpg,6
emotionet_5_sixth_50000_253882.jpg,7
emotionet_5_sixth_50000_253930.jpg,8
emotionet_5_sixth_50000_253942.jpg,2
emotionet_5_sixth_50000_253945.jpg,3
emotionet_5_sixth_50000_253956.JPG,8
emotionet_5_sixth_50000_253969.jpg,2
emotionet_5_sixth_50000_253993.jpg,8
emotionet_5_sixth_50000_253994.jpg,4
emotionet_5_sixth_50000_254002.jpg,0
emotionet_5_sixth_50000_254005.jpg,1
emotionet_5_sixth_50000_254037.jpg,5
emotionet_5_sixth_50000_254052.jpg,5
emotionet_5_sixth_50000_254070.jpg,2
emotionet_5_sixth_50000_254077.jpg,0
emotionet_5_sixth_50000_254079.jpg,0
emotionet_5_sixth_50000_254121.jpg,2
emotionet_5_sixth_50000_254126.jpg,5
emotionet_5_sixth_50000_254138.jpeg,0
emotionet_5_sixth_50000_254153.jpg,2
emotionet_5_sixth_50000_254154.jpg,0
emotionet_5_sixth_50000_254171.jpg,6
emotionet_5_sixth_50000_254182.jpg,8
emotionet_5_sixth_50000_254185.jpg,4
emotionet_5_sixth_50000_254204.jpg,0
emotionet_5_sixth_50000_254231.jpg,8
emotionet_5_sixth_50000_254243.jpg,7
emotionet_5_sixth_50000_254244.jpg,1
emotionet_5_sixth_50000_254266.jpg,6
emotionet_5_sixth_50000_254312.jpg,5
emotionet_5_sixth_50000_254315.jpg,2
emotionet_5_sixth_50000_254345.jpg,2
emotionet_5_sixth_50000_254360.jpg,8
emotionet_5_sixth_50000_254367.jpg,3
emotionet_5_sixth_50000_254369.jpg,5
emotionet_5_sixth_50000_254393.jpg,8
emotionet_5_sixth_50000_254394.jpg,5
emotionet_5_sixth_50000_254416.jpg,6
emotionet_5_sixth_50000_254463.jpg,3
emotionet_5_sixth_50000_254464.jpg,1
emotionet_5_sixth_50000_254532.jpg,3
emotionet_5_sixth_50000_254535.jpg,8
emotionet_5_sixth_50000_254547.jpg,3
emotionet_5_sixth_50000_254572.jpg,2
emotionet_5_sixth_50000_254591.jpg,3
emotionet_5_sixth_50000_254598.jpg,0
emotionet_5_sixth_50000_254607.jpg,0
emotionet_5_sixth_50000_254681.jpg,6
emotionet_5_sixth_50000_254706.jpg,4
emotionet_5_sixth_50000_254723.jpg,1
emotionet_5_sixth_50000_254724.jpg,8
emotionet_5_sixth_50000_254789.jpg,6
emotionet_5_sixth_50000_254811.jpg,7
emotionet_5_sixth_50000_254890.jpg,6
emotionet_5_sixth_50000_254897.jpg,5
emotionet_5_sixth_50000_254900.jpg,4
emotionet_5_sixth_50000_254919.jpg,5
emotionet_5_sixth_50000_254932.jpg,2
emotionet_5_sixth_50000_254935.jpg,4
emotionet_5_sixth_50000_254940.jpg,2
emotionet_5_sixth_50000_254947.jpg,7
emotionet_5_sixth_50000_254949.jpg,8
emotionet_5_sixth_50000_254962.jpg,3
emotionet_5_sixth_50000_254991.jpg,3
emotionet_5_sixth_50000_254996.jpg,1
emotionet_5_sixth_50000_254998.jpg,3
emotionet_5_sixth_50000_255010.jpg,7
emotionet_5_sixth_50000_255017.jpg,1
emotionet_5_sixth_50000_255019.jpg,7
emotionet_5_sixth_50000_255025.jpg,8
emotionet_5_sixth_50000_255062.jpg,2
emotionet_5_sixth_50000_255134.jpg,4
emotionet_5_sixth_50000_255148.jpg,5
emotionet_5_sixth_50000_255197.jpg,0
emotionet_5_sixth_50000_255208.jpg,7
emotionet_5_sixth_50000_255223.jpg,6
emotionet_5_sixth_50000_255307.jpg,8
emotionet_5_sixth_50000_255309.jpg,1
emotionet_5_sixth_50000_255350.jpg,3
emotionet_5_sixth_50000_255375.jpg,2
emotionet_5_sixth_50000_255381.jpg,1
emotionet_5_sixth_50000_255404.jpg,4
emotionet_5_sixth_50000_255410.JPG,8
emotionet_5_sixth_50000_255426.jpg,2
emotionet_5_sixth_50000_255444.jpg,0
emotionet_5_sixth_50000_255471.jpg,5
emotionet_5_sixth_50000_255478.jpg,1
emotionet_5_sixth_50000_255502.jpg,7
emotionet_5_sixth_50000_255612.jpg,3
emotionet_5_sixth_50000_255615.jpg,6
emotionet_5_sixth_50000_255630.jpg,2
emotionet_5_sixth_50000_255637.jpg,8
emotionet_5_sixth_50000_255639.jpg,0
emotionet_5_sixth_50000_255642.jpg,8
emotionet_5_sixth_50000_255645.jpg,0
emotionet_5_sixth_50000_255693.jpg,2
emotionet_5_sixth_50000_255694.jpg,6
emotionet_5_sixth_50000_255713.jpg,3
emotionet_5_sixth_50000_255753.jpg,2
emotionet_5_sixth_50000_255761.jpg,1
emotionet_5_sixth_50000_255854.jpg,3
emotionet_5_sixth_50000_255878.jpg,4
emotionet_5_sixth_50000_255946.JPG,7
emotionet_5_sixth_50000_256053.jpg,0
emotionet_5_sixth_50000_256071.jpg,2
emotionet_5_sixth_50000_256085.jpg,3
emotionet_5_sixth_50000_256177.jpg,1
emotionet_5_sixth_50000_256179.jpg,6
emotionet_5_sixth_50000_256212.jpg,0
emotionet_5_sixth_50000_256215.jpg,6
emotionet_5_sixth_50000_256239.jpg,1
emotionet_5_sixth_50000_256245.jpg,2
emotionet_5_sixth_50000_256260.jpg,5
emotionet_5_sixth_50000_256267.jpg,1
emotionet_5_sixth_50000_256269.jpg,2
emotionet_5_sixth_50000_256343.jpg,4
emotionet_5_sixth_50000_256344.jpg,1
emotionet_5_sixth_50000_256366.jpg,3
emotionet_5_sixth_50000_256410.jpg,1
emotionet_5_sixth_50000_256440.jpg,1
emotionet_5_sixth_50000_256447.jpg,8
emotionet_5_sixth_50000_256449.jpg,6
emotionet_5_sixth_50000_256491.jpg,6
emotionet_5_sixth_50000_256496.jpg,6
emotionet_5_sixth_50000_256498.jpg,8
emotionet_5_sixth_50000_256511.jpg,6
emotionet_5_sixth_50000_256548.jpg,6
emotionet_5_sixth_50000_256564.jpg,0
emotionet_5_sixth_50000_256580.jpg,1
emotionet_5_sixth_50000_256624.jpg,3
emotionet_5_sixth_50000_256658.jpg,1
emotionet_5_sixth_50000_256673.jpg,1
emotionet_5_sixth_50000_256697.jpg,2
emotionet_5_sixth_50000_256700.jpg,5
emotionet_5_sixth_50000_256707.jpg,6
emotionet_5_sixth_50000_256725.jpg,2
emotionet_5_sixth_50000_256750.jpg,2
emotionet_5_sixth_50000_256757.jpg,8
emotionet_5_sixth_50000_256759.jpg,2
emotionet_5_sixth_50000_256781.jpg,8
emotionet_5_sixth_50000_256786.jpg,4
emotionet_5_sixth_50000_256862.jpg,4
emotionet_5_sixth_50000_256891.jpg,8
emotionet_5_sixth_50000_256941.jpg,0
emotionet_5_sixth_50000_256963.jpg,8
emotionet_5_sixth_50000_256964.jpg,8
emotionet_5_sixth_50000_257018.jpg,8
emotionet_5_sixth_50000_257033.jpg,5
emotionet_5_sixth_50000_257110.jpg,6
emotionet_5_sixth_50000_257117.jpg,4
emotionet_5_sixth_50000_257119.jpg,6
emotionet_5_sixth_50000_257140.jpg,2
emotionet_5_sixth_50000_257162.jpg,5
emotionet_5_sixth_50000_257165.jpg,0
emotionet_5_sixth_50000_257184.jpeg,1
emotionet_5_sixth_50000_257196.jpg,8
emotionet_5_sixth_50000_257272.jpg,5
emotionet_5_sixth_50000_257308.jpg,8
emotionet_5_sixth_50000_257323.jpg,7
emotionet_5_sixth_50000_257324.jpg,7
emotionet_5_sixth_50000_257351.jpg,3
emotionet_5_sixth_50000_257358.jpg,0
emotionet_5_sixth_50000_257373.jpg,4
emotionet_5_sixth_50000_257387.jpg,5
emotionet_5_sixth_50000_257420.jpg,3
emotionet_5_sixth_50000_257429.jpg,3
emotionet_5_sixth_50000_257452.jpg,1
emotionet_5_sixth_50000_257455.jpg,0
emotionet_5_sixth_50000_257479.jpg,2
emotionet_5_sixth_50000_257483.jpg,4
emotionet_5_sixth_50000_257484.jpg,7
emotionet_5_sixth_50000_257503.jpg,2
emotionet_5_sixth_50000_257504.jpg,7
emotionet_5_sixth_50000_257613.jpg,4
emotionet_5_sixth_50000_257614.jpg,2
emotionet_5_sixth_50000_257631.jpg,6
emotionet_5_sixth_50000_257661.jpg,8
emotionet_5_sixth_50000_257666.jpg,0
emotionet_5_sixth_50000_257769.jpg,6
emotionet_5_sixth_50000_257971.jpg,4
emotionet_5_sixth_50000_257976.jpg,1
emotionet_5_sixth_50000_257985.jpg,8
emotionet_5_sixth_50000_258017.jpg,4
emotionet_5_sixth_50000_258116.jpg,8
emotionet_5_sixth_50000_258133.jpg,0
emotionet_5_sixth_50000_258146.jpg,7
emotionet_5_sixth_50000_258148.jpg,2
emotionet_5_sixth_50000_258174.jpg,7
emotionet_5_sixth_50000_258224.jpg,3
emotionet_5_sixth_50000_258251.jpg,4
emotionet_5_sixth_50000_258256.jpg,8
emotionet_5_sixth_50000_258258.jpg,3
emotionet_5_sixth_50000_258263.jpg,5
emotionet_5_sixth_50000_258280.jpg,5
emotionet_5_sixth_50000_258287.jpg,2
emotionet_5_sixth_50000_258375.jpg,8
emotionet_5_sixth_50000_258428.jpg,2
emotionet_5_sixth_50000_258453.jpg,0
emotionet_5_sixth_50000_258454.jpg,0
emotionet_5_sixth_50000_258471.jpg,2
emotionet_5_sixth_50000_258478.jpg,6
emotionet_5_sixth_50000_258485.jpg,8
emotionet_5_sixth_50000_258515.jpg,4
emotionet_5_sixth_50000_258520.jpg,8
emotionet_5_sixth_50000_258527.jpg,5
emotionet_5_sixth_50000_258529.jpg,1
emotionet_5_sixth_50000_258637.jpg,8
emotionet_5_sixth_50000_258645.jpg,3
emotionet_5_sixth_50000_258693.jpg,8
emotionet_5_sixth_50000_258738.jpg,3
emotionet_5_sixth_50000_258743.jpg,1
emotionet_5_sixth_50000_258744.jpg,2
emotionet_5_sixth_50000_258761.jpg,2
emotionet_5_sixth_50000_258792.jpg,8
emotionet_5_sixth_50000_258795.jpg,6
emotionet_5_sixth_50000_258862.JPG,5
emotionet_5_sixth_50000_258920.jpg,8
emotionet_5_sixth_50000_258927.jpg,3
emotionet_5_sixth_50000_258929.jpg,8
emotionet_5_sixth_50000_258952.jpg,0
emotionet_5_sixth_50000_259002.jpg,5
emotionet_5_sixth_50000_259005.jpg,7
emotionet_5_sixth_50000_259042.jpg,3
emotionet_5_sixth_50000_259070.jpg,2
emotionet_5_sixth_50000_259077.jpg,7
emotionet_5_sixth_50000_259079.jpg,4
emotionet_5_sixth_50000_259093.jpg,1
emotionet_5_sixth_50000_259103.jpg,2
emotionet_5_sixth_50000_259104.jpg,7
emotionet_5_sixth_50000_259121.jpg,4
emotionet_5_sixth_50000_259126.jpg,2
emotionet_5_sixth_50000_259178.jpg,7
emotionet_5_sixth_50000_259182.jpg,4
emotionet_5_sixth_50000_259231.jpg,6
emotionet_5_sixth_50000_259236.jpg,2
emotionet_5_sixth_50000_259243.jpg,7
emotionet_5_sixth_50000_259244.jpg,8
emotionet_5_sixth_50000_259295.jpg,2
emotionet_5_sixth_50000_259312.jpg,8
emotionet_5_sixth_50000_259337.jpg,5
emotionet_5_sixth_50000_259360.jpg,3
emotionet_5_sixth_50000_259384.jpg,4
emotionet_5_sixth_50000_259416.jpg,0
emotionet_5_sixth_50000_259441.jpg,5
emotionet_5_sixth_50000_259490.jpg,5
emotionet_5_sixth_50000_259540.jpg,0
emotionet_5_sixth_50000_259549.jpg,8
emotionet_5_sixth_50000_259565.jpg,6
emotionet_5_sixth_50000_259591.jpg,0
emotionet_5_sixth_50000_259596.jpg,0
emotionet_5_sixth_50000_259609.jpg,1
emotionet_5_sixth_50000_259622.jpg,4
emotionet_5_sixth_50000_259681.jpg,1
emotionet_5_sixth_50000_259688.jpg,3
emotionet_5_sixth_50000_259701.jpg,7
emotionet_5_sixth_50000_259816.jpg,4
emotionet_5_sixth_50000_259851.jpg,2
emotionet_5_sixth_50000_259863.jpg,2
emotionet_5_sixth_50000_259899.jpg,6
emotionet_5_sixth_50000_259909.jpg,2
emotionet_5_sixth_50000_259910.jpg,8
emotionet_5_sixth_50000_259917.jpg,4
emotionet_5_sixth_50000_259932.jpg,2
emotionet_5_sixth_50000_259935.jpg,5
emotionet_5_sixth_50000_259940.jpg,8
emotionet_5_sixth_50000_259991.jpg,2
emotionet_5_sixth_50000_259998.jpg,6
emotionet_5_sixth_50000_260001.jpg,6
emotionet_5_sixth_50000_260008.jpg,3
emotionet_5_sixth_50000_260056.jpg,1
emotionet_5_sixth_50000_260073.jpg,2
emotionet_5_sixth_50000_260074.jpg,2
emotionet_5_sixth_50000_260080.jpg,2
emotionet_5_sixth_50000_260087.jpg,0
emotionet_5_sixth_50000_260109.jpg,5
emotionet_5_sixth_50000_260133.jpeg,1
emotionet_5_sixth_50000_260157.jpg,8
emotionet_5_sixth_50000_260181.jpg,0
emotionet_5_sixth_50000_260232.jpg,1
emotionet_5_sixth_50000_260235.jpg,8
emotionet_5_sixth_50000_260296.jpg,0
emotionet_5_sixth_50000_260311.jpg,8
emotionet_5_sixth_50000_260316.jpg,8
emotionet_5_sixth_50000_260358.jpg,3
emotionet_5_sixth_50000_260363.jpg,8
emotionet_5_sixth_50000_260389.jpg,1
emotionet_5_sixth_50000_260437.jpg,1
emotionet_5_sixth_50000_260513.jpg,4
emotionet_5_sixth_50000_260531.jpg,3
emotionet_5_sixth_50000_260538.jpg,2
emotionet_5_sixth_50000_260543.jpg,1
emotionet_5_sixth_50000_260544.jpg,1
emotionet_5_sixth_50000_260621.jpg,7
emotionet_5_sixth_50000_260761.jpeg,6
emotionet_5_sixth_50000_260770.jpg,5
emotionet_5_sixth_50000_260812.jpg,6
emotionet_5_sixth_50000_260815.jpg,7
emotionet_5_sixth_50000_260845.jpg,0
emotionet_5_sixth_50000_260869.jpg,8
emotionet_5_sixth_50000_260931.jpg,4
emotionet_5_sixth_50000_260966.jpg,5
emotionet_5_sixth_50000_261038.jpg,4
emotionet_5_sixth_50000_261043.jpg,5
emotionet_5_sixth_50000_261061.jpg,1
emotionet_5_sixth_50000_261068.jpg,8
emotionet_5_sixth_50000_261072.JPG,3
emotionet_5_sixth_50000_261095.jpg,7
emotionet_5_sixth_50000_261130.jpg,4
emotionet_5_sixth_50000_261160.jpg,7
emotionet_5_sixth_50000_261234.JPG,0
emotionet_5_sixth_50000_261252.jpg,2
emotionet_5_sixth_50000_261255.jpg,7
emotionet_5_sixth_50000_261270.jpg,6
emotionet_5_sixth_50000_261277.jpg,7
emotionet_5_sixth_50000_261400.jpg,1
emotionet_5_sixth_50000_261407.jpg,7
emotionet_5_sixth_50000_261422.jpg,4
emotionet_5_sixth_50000_261459.jpg,0
emotionet_5_sixth_50000_261472.jpg,4
emotionet_5_sixth_50000_261475.jpg,0
emotionet_5_sixth_50000_261488.jpg,2
emotionet_5_sixth_50000_261556.jpg,5
emotionet_5_sixth_50000_261558.jpg,8
emotionet_5_sixth_50000_261580.jpg,2
emotionet_5_sixth_50000_261589.jpg,3
emotionet_5_sixth_50000_261611.jpg,0
emotionet_5_sixth_50000_261641.jpg,0
emotionet_5_sixth_50000_261717.jpg,4
emotionet_5_sixth_50000_261719.jpg,0
emotionet_5_sixth_50000_261732.jpg,5
emotionet_5_sixth_50000_261735.jpg,4
emotionet_5_sixth_50000_261762.jpg,1
emotionet_5_sixth_50000_261786.jpg,6
emotionet_5_sixth_50000_261800.jpg,7
emotionet_5_sixth_50000_261807.jpg,8
emotionet_5_sixth_50000_261872.jpg,6
emotionet_5_sixth_50000_261923.jpg,0
emotionet_5_sixth_50000_261973.jpg,0
emotionet_5_sixth_50000_261974.jpg,0
emotionet_5_sixth_50000_262106.jpg,4
emotionet_5_sixth_50000_262174.jpg,1
emotionet_5_sixth_50000_262199.jpg,7
emotionet_5_sixth_50000_262211.jpg,5
emotionet_5_sixth_50000_262218.jpg,5
emotionet_5_sixth_50000_262241.jpg,8
emotionet_5_sixth_50000_262246.jpg,5
emotionet_5_sixth_50000_262290.jpg,1
emotionet_5_sixth_50000_262332.jpg,5
emotionet_5_sixth_50000_262335.jpg,7
emotionet_5_sixth_50000_262340.jpg,5
emotionet_5_sixth_50000_262349.jpg,1
emotionet_5_sixth_50000_262365.jpg,5
emotionet_5_sixth_50000_262391.jpg,2
emotionet_5_sixth_50000_262396.jpg,3
emotionet_5_sixth_50000_262398.jpg,3
emotionet_5_sixth_50000_262431.jpg,8
emotionet_5_sixth_50000_262443.jpg,5
emotionet_5_sixth_50000_262444.jpg,3
emotionet_5_sixth_50000_262515.jpg,8
emotionet_5_sixth_50000_262569.jpg,4
emotionet_5_sixth_50000_262584.jpg,8
emotionet_5_sixth_50000_262605.jpg,6
emotionet_5_sixth_50000_262620.jpg,2
emotionet_5_sixth_50000_262663.JPG,5
emotionet_5_sixth_50000_262693.jpg,4
emotionet_5_sixth_50000_262703.jpg,5
emotionet_5_sixth_50000_262721.jpg,8
emotionet_5_sixth_50000_262726.jpg,6
emotionet_5_sixth_50000_262728.jpg,7
emotionet_5_sixth_50000_262866.jpg,8
emotionet_5_sixth_50000_262892.jpg,7
emotionet_5_sixth_50000_262912.jpg,3
emotionet_5_sixth_50000_262915.jpg,2
emotionet_5_sixth_50000_262927.jpg,6
emotionet_5_sixth_50000_262960.jpg,8
emotionet_5_sixth_50000_262967.jpg,0
emotionet_5_sixth_50000_262969.jpg,1
emotionet_5_sixth_50000_263037.jpg,6
emotionet_5_sixth_50000_263060.jpg,7
emotionet_5_sixth_50000_263067.jpg,2
emotionet_5_sixth_50000_263093.jpg,4
emotionet_5_sixth_50000_263094.jpg,5
emotionet_5_sixth_50000_263113.jpg,1
emotionet_5_sixth_50000_263114.jpg,2
emotionet_5_sixth_50000_263168.jpg,3
emotionet_5_sixth_50000_263253.jpg,7
emotionet_5_sixth_50000_263254.jpg,4
emotionet_5_sixth_50000_263271.jpg,0
emotionet_5_sixth_50000_263276.jpg,8
emotionet_5_sixth_50000_263278.jpg,2
emotionet_5_sixth_50000_263282.jpg,4
emotionet_5_sixth_50000_263285.jpg,8
emotionet_5_sixth_50000_263320.jpg,3
emotionet_5_sixth_50000_263327.jpg,7
emotionet_5_sixth_50000_263377.jpg,1
emotionet_5_sixth_50000_263384.jpg,4
emotionet_5_sixth_50000_263390.JPG,2
emotionet_5_sixth_50000_263458.jpg,2
emotionet_5_sixth_50000_263463.jpg,6
emotionet_5_sixth_50000_263489.jpg,7
emotionet_5_sixth_50000_263522.jpg,6
emotionet_5_sixth_50000_263559.jpg,5
emotionet_5_sixth_50000_263572.jpg,0
emotionet_5_sixth_50000_263632.jpeg,4
emotionet_5_sixth_50000_263662.jpg,4
emotionet_5_sixth_50000_263679.jpeg,2
emotionet_5_sixth_50000_263716.jpg,3
emotionet_5_sixth_50000_263741.jpg,8
emotionet_5_sixth_50000_263746.jpg,0
emotionet_5_sixth_50000_263790.jpg,7
emotionet_5_sixth_50000_263808.jpg,2
emotionet_5_sixth_50000_263823.jpg,1
emotionet_5_sixth_50000_263824.jpg,6
emotionet_5_sixth_50000_263858.jpg,7
emotionet_5_sixth_50000_263873.jpg,5
emotionet_5_sixth_50000_263874.jpg,6
emotionet_5_sixth_50000_263887.jpg,4
emotionet_5_sixth_50000_263889.jpg,5
emotionet_5_sixth_50000_263950.jpg,7
emotionet_5_sixth_50000_263998.jpg,2
emotionet_5_sixth_50000_264009.jpg,5
emotionet_5_sixth_50000_264010.jpg,3
emotionet_5_sixth_50000_264017.jpg,8
emotionet_5_sixth_50000_264030.jpeg,5
emotionet_5_sixth_50000_264091.jpg,3
emotionet_5_sixth_50000_264116.jpg,8
emotionet_5_sixth_50000_264118.jpg,2
emotionet_5_sixth_50000_264148.jpg,4
emotionet_5_sixth_50000_264163.jpg,4
emotionet_5_sixth_50000_264180.jpg,2
emotionet_5_sixth_50000_264199.jpg,5
emotionet_5_sixth_50000_264224.jpg,8
emotionet_5_sixth_50000_264273.jpg,2
emotionet_5_sixth_50000_264300.jpg,5
emotionet_5_sixth_50000_264350.jpg,7
emotionet_5_sixth_50000_264421.jpg,4
emotionet_5_sixth_50000_264428.jpg,5
emotionet_5_sixth_50000_264454.jpg,7
emotionet_5_sixth_50000_264468.jpg,1
emotionet_5_sixth_50000_264471.jpg,4
emotionet_5_sixth_50000_264485.jpg,5
emotionet_5_sixth_50000_264502.jpg,1
emotionet_5_sixth_50000_264529.jpg,1
emotionet_5_sixth_50000_264530.jpg,3
emotionet_5_sixth_50000_264552.jpg,2
emotionet_5_sixth_50000_264570.jpg,0
emotionet_5_sixth_50000_264577.jpg,6
emotionet_5_sixth_50000_264579.jpg,0
emotionet_5_sixth_50000_264583.jpg,6
emotionet_5_sixth_50000_264612.jpg,0
emotionet_5_sixth_50000_264615.jpg,1
emotionet_5_sixth_50000_264627.jpg,1
emotionet_5_sixth_50000_264639.jpg,5
emotionet_5_sixth_50000_264645.jpg,2
emotionet_5_sixth_50000_264660.jpg,1
emotionet_5_sixth_50000_264667.jpg,7
emotionet_5_sixth_50000_264669.jpg,3
emotionet_5_sixth_50000_264674.JPG,5
emotionet_5_sixth_50000_264731.jpg,4
emotionet_5_sixth_50000_264738.jpg,5
emotionet_5_sixth_50000_264743.jpg,2
emotionet_5_sixth_50000_264792.jpg,8
emotionet_5_sixth_50000_264795.jpg,4
emotionet_5_sixth_50000_264821.jpg,2
emotionet_5_sixth_50000_264826.jpg,2
emotionet_5_sixth_50000_264853.jpg,8
emotionet_5_sixth_50000_264885.jpg,6
emotionet_5_sixth_50000_264970.jpg,6
emotionet_5_sixth_50000_264993.jpg,8
emotionet_5_sixth_50000_265052.jpg,0
emotionet_5_sixth_50000_265055.jpg,0
emotionet_5_sixth_50000_265067.jpg,2
emotionet_5_sixth_50000_265079.jpg,2
emotionet_5_sixth_50000_265083.jpg,7
emotionet_5_sixth_50000_265084.jpg,8
emotionet_5_sixth_50000_265103.jpg,2
emotionet_5_sixth_50000_265171.jpg,5
emotionet_5_sixth_50000_265214.jpg,2
emotionet_5_sixth_50000_265231.jpg,2
emotionet_5_sixth_50000_265266.jpg,3
emotionet_5_sixth_50000_265330.jpg,8
emotionet_5_sixth_50000_265370.jpg,1
emotionet_5_sixth_50000_265414.jpeg,5
emotionet_5_sixth_50000_265418.jpg,0
emotionet_5_sixth_50000_265446.jpg,4
emotionet_5_sixth_50000_265490.jpg,0
emotionet_5_sixth_50000_265510.jpg,1
emotionet_5_sixth_50000_265547.jpg,2
emotionet_5_sixth_50000_265565.jpg,3
emotionet_5_sixth_50000_265596.jpg,4
emotionet_5_sixth_50000_265649.jpg,6
emotionet_5_sixth_50000_265657.jpg,3
emotionet_5_sixth_50000_265672.jpg,6
emotionet_5_sixth_50000_265681.jpg,5
emotionet_5_sixth_50000_265686.jpg,8
emotionet_5_sixth_50000_265698.jpg,0
emotionet_5_sixth_50000_265751.jpg,6
emotionet_5_sixth_50000_265756.jpg,1
emotionet_5_sixth_50000_265758.jpg,4
emotionet_5_sixth_50000_265773.jpg,6
emotionet_5_sixth_50000_265780.jpg,4
emotionet_5_sixth_50000_265789.jpg,6
emotionet_5_sixth_50000_265816.jpg,5
emotionet_5_sixth_50000_265874.jpg,1
emotionet_5_sixth_50000_265917.jpg,8
emotionet_5_sixth_50000_265919.jpg,3
emotionet_5_sixth_50000_265932.jpg,7
emotionet_5_sixth_50000_265998.jpg,7
emotionet_5_sixth_50000_266011.jpg,6
emotionet_5_sixth_50000_266033.jpg,8
emotionet_5_sixth_50000_266147.jpg,1
emotionet_5_sixth_50000_266149.jpg,2
emotionet_5_sixth_50000_266207.jpg,7
emotionet_5_sixth_50000_266225.jpg,7
emotionet_5_sixth_50000_266257.jpg,1
emotionet_5_sixth_50000_266259.jpg,8
emotionet_5_sixth_50000_266286.jpg,3
emotionet_5_sixth_50000_266301.jpg,5
emotionet_5_sixth_50000_266323.jpg,6
emotionet_5_sixth_50000_266358.jpg,5
emotionet_5_sixth_50000_266373.jpg,3
emotionet_5_sixth_50000_266402.jpg,7
emotionet_5_sixth_50000_266441.JPG,8
emotionet_5_sixth_50000_266455.jpg,6
emotionet_5_sixth_50000_266470.jpg,8
emotionet_5_sixth_50000_266479.jpg,5
emotionet_5_sixth_50000_266483.jpg,3
emotionet_5_sixth_50000_266484.jpg,6
emotionet_5_sixth_50000_266513.jpg,2
emotionet_5_sixth_50000_266554.jpg,3
emotionet_5_sixth_50000_266576.jpeg,3
emotionet_5_sixth_50000_266604.jpg,4
emotionet_5_sixth_50000_266631.jpg,3
emotionet_5_sixth_50000_266644.jpg,8
emotionet_5_sixth_50000_266666.jpg,1
emotionet_5_sixth_50000_266712.jpg,4
emotionet_5_sixth_50000_266715.jpg,8
emotionet_5_sixth_50000_266739.jpg,2
emotionet_5_sixth_50000_266742.jpg,1
emotionet_5_sixth_50000_266877.jpg,0
emotionet_5_sixth_50000_266879.jpg,2
emotionet_5_sixth_50000_266903.jpg,2
emotionet_5_sixth_50000_266921.jpg,7
emotionet_5_sixth_50000_266926.jpg,6
emotionet_5_sixth_50000_267044.jpg,8
emotionet_5_sixth_50000_267105.jpg,2
emotionet_5_sixth_50000_267127.jpg,4
emotionet_5_sixth_50000_267129.jpg,3
emotionet_5_sixth_50000_267134.JPG,3
emotionet_5_sixth_50000_267148.JPG,8
emotionet_5_sixth_50000_267152.jpg,8
emotionet_5_sixth_50000_267155.jpg,2
emotionet_5_sixth_50000_267160.jpg,6
emotionet_5_sixth_50000_267179.jpg,3
emotionet_5_sixth_50000_267183.jpg,1
emotionet_5_sixth_50000_267184.jpg,7
emotionet_5_sixth_50000_267212.jpg,4
emotionet_5_sixth_50000_267215.jpg,7
emotionet_5_sixth_50000_267230.jpg,8
emotionet_5_sixth_50000_267245.jpg,8
emotionet_5_sixth_50000_267294.jpg,5
emotionet_5_sixth_50000_267313.jpg,4
emotionet_5_sixth_50000_267353.jpg,3
emotionet_5_sixth_50000_267361.jpg,5
emotionet_5_sixth_50000_267366.jpg,3
emotionet_5_sixth_50000_267368.jpg,8
emotionet_5_sixth_50000_267382.jpg,6
emotionet_5_sixth_50000_267410.jpg,4
emotionet_5_sixth_50000_267417.jpg,7
emotionet_5_sixth_50000_267419.jpg,0
emotionet_5_sixth_50000_267425.jpg,4
emotionet_5_sixth_50000_267465.jpg,2
emotionet_5_sixth_50000_267496.jpg,8
emotionet_5_sixth_50000_267534.jpg,1
emotionet_5_sixth_50000_267541.jpg,5
emotionet_5_sixth_50000_267546.jpg,1
emotionet_5_sixth_50000_267548.jpg,2
emotionet_5_sixth_50000_267564.jpg,8
emotionet_5_sixth_50000_267623.jpg,0
emotionet_5_sixth_50000_267624.jpg,1
emotionet_5_sixth_50000_267700.jpg,4
emotionet_5_sixth_50000_267750.jpg,7
emotionet_5_sixth_50000_267772.jpg,6
emotionet_5_sixth_50000_267810.jpg,4
emotionet_5_sixth_50000_267817.jpg,8
emotionet_5_sixth_50000_267849.jpg,2
emotionet_5_sixth_50000_267898.jpg,7
emotionet_5_sixth_50000_267933.jpg,0
emotionet_5_sixth_50000_267934.jpg,5
emotionet_5_sixth_50000_267941.jpg,4
emotionet_5_sixth_50000_267946.jpg,6
emotionet_5_sixth_50000_267948.jpg,1
emotionet_5_sixth_50000_268083.jpg,8
emotionet_5_sixth_50000_268084.jpg,2
emotionet_5_sixth_50000_268128.jpg,1
emotionet_5_sixth_50000_268154.jpg,1
emotionet_5_sixth_50000_268176.jpg,3
emotionet_5_sixth_50000_268178.jpg,8
emotionet_5_sixth_50000_268213.jpg,0
emotionet_5_sixth_50000_268214.jpg,0
emotionet_5_sixth_50000_268221.jpg,5
emotionet_5_sixth_50000_268238.jpg,4
emotionet_5_sixth_50000_268261.jpg,2
emotionet_5_sixth_50000_268266.jpg,3
emotionet_5_sixth_50000_268292.jpg,6
emotionet_5_sixth_50000_268339.jpg,1
emotionet_5_sixth_50000_268342.jpg,8
emotionet_5_sixth_50000_268345.jpg,3
emotionet_5_sixth_50000_268411.jpg,5
emotionet_5_sixth_50000_268416.jpg,5
emotionet_5_sixth_50000_268433.jpg,2
emotionet_5_sixth_50000_268434.jpg,6
emotionet_5_sixth_50000_268441.jpg,6
emotionet_5_sixth_50000_268446.jpg,5
emotionet_5_sixth_50000_268448.jpg,4
emotionet_5_sixth_50000_268497.jpg,8
emotionet_5_sixth_50000_268535.jpg,8
emotionet_5_sixth_50000_268557.jpg,1
emotionet_5_sixth_50000_268565.jpg,5
emotionet_5_sixth_50000_268607.jpg,3
emotionet_5_sixth_50000_268609.jpg,8
emotionet_5_sixth_50000_268672.jpg,0
emotionet_5_sixth_50000_268688.jpg,6
emotionet_5_sixth_50000_268691.jpg,1
emotionet_5_sixth_50000_268701.jpg,5
emotionet_5_sixth_50000_268706.jpg,4
emotionet_5_sixth_50000_268718.jpg,4
emotionet_5_sixth_50000_268723.jpg,5
emotionet_5_sixth_50000_268724.jpg,4
emotionet_5_sixth_50000_268751.jpg,3
emotionet_5_sixth_50000_268756.jpg,1
emotionet_5_sixth_50000_268758.jpg,8
emotionet_5_sixth_50000_268780.jpg,5
emotionet_5_sixth_50000_268787.jpg,5
emotionet_5_sixth_50000_268789.jpg,7
emotionet_5_sixth_50000_268818.jpg,3
emotionet_5_sixth_50000_268820.JPG,0
emotionet_5_sixth_50000_268841.jpg,1
emotionet_5_sixth_50000_268848.jpg,4
emotionet_5_sixth_50000_268863.jpg,3
emotionet_5_sixth_50000_268864.jpg,6
emotionet_5_sixth_50000_268897.jpg,8
emotionet_5_sixth_50000_268899.jpg,7
emotionet_5_sixth_50000_268917.jpg,3
emotionet_5_sixth_50000_268925.jpg,0
emotionet_5_sixth_50000_269032.jpg,7
emotionet_5_sixth_50000_269035.jpg,6
emotionet_5_sixth_50000_269049.jpg,3
emotionet_5_sixth_50000_269091.jpg,8
emotionet_5_sixth_50000_269096.jpg,2
emotionet_5_sixth_50000_269098.jpg,3
emotionet_5_sixth_50000_269111.jpg,1
emotionet_5_sixth_50000_269116.jpg,4
emotionet_5_sixth_50000_269118.jpg,2
emotionet_5_sixth_50000_269146.jpg,5
emotionet_5_sixth_50000_269158.jpg,6
emotionet_5_sixth_50000_269189.jpg,4
emotionet_5_sixth_50000_269190.jpg,3
emotionet_5_sixth_50000_269206.jpg,2
emotionet_5_sixth_50000_269256.jpg,2
emotionet_5_sixth_50000_269273.jpg,5
emotionet_5_sixth_50000_269274.jpg,6
emotionet_5_sixth_50000_269317.jpg,6
emotionet_5_sixth_50000_269322.jpg,4
emotionet_5_sixth_50000_269357.jpg,3
emotionet_5_sixth_50000_269485.jpg,4
emotionet_5_sixth_50000_269568.jpeg,4
emotionet_5_sixth_50000_269615.jpg,4
emotionet_5_sixth_50000_269637.jpg,2
emotionet_5_sixth_50000_269660.jpg,8
emotionet_5_sixth_50000_269667.jpg,8
emotionet_5_sixth_50000_269736.jpg,4
emotionet_5_sixth_50000_269738.jpg,6
emotionet_5_sixth_50000_269791.jpeg,8
emotionet_5_sixth_50000_269826.jpg,7
emotionet_5_sixth_50000_269828.jpg,3
emotionet_5_sixth_50000_269854.jpg,8
emotionet_5_sixth_50000_269955.jpg,8
emotionet_5_sixth_50000_269970.jpg,0
emotionet_5_sixth_50000_270011.jpg,5
emotionet_5_sixth_50000_270030.JPG,8
emotionet_5_sixth_50000_270041.jpg,0
emotionet_5_sixth_50000_270046.jpg,7
emotionet_5_sixth_50000_270063.jpg,0
emotionet_5_sixth_50000_270097.jpg,8
emotionet_5_sixth_50000_270132.jpg,5
emotionet_5_sixth_50000_270147.jpg,4
emotionet_5_sixth_50000_270191.jpg,3
emotionet_5_sixth_50000_270198.jpg,4
emotionet_5_sixth_50000_270222.jpg,0
emotionet_5_sixth_50000_270250.jpg,2
emotionet_5_sixth_50000_270272.jpg,8
emotionet_5_sixth_50000_270306.jpg,8
emotionet_5_sixth_50000_270308.jpg,6
emotionet_5_sixth_50000_270333.jpg,2
emotionet_5_sixth_50000_270351.jpg,1
emotionet_5_sixth_50000_270374.jpg,7
emotionet_5_sixth_50000_270387.jpg,0
emotionet_5_sixth_50000_270402.jpg,8
emotionet_5_sixth_50000_270405.jpg,2
emotionet_5_sixth_50000_270494.jpg,5
emotionet_5_sixth_50000_270503.jpg,6
emotionet_5_sixth_50000_270504.jpg,8
emotionet_5_sixth_50000_270526.jpg,3
emotionet_5_sixth_50000_270553.jpg,0
emotionet_5_sixth_50000_270554.jpg,6
emotionet_5_sixth_50000_270582.jpg,6
emotionet_5_sixth_50000_270614.jpg,7
emotionet_5_sixth_50000_270631.jpg,6
emotionet_5_sixth_50000_270636.jpg,2
emotionet_5_sixth_50000_270695.jpg,7
emotionet_5_sixth_50000_270701.JPG,5
emotionet_5_sixth_50000_270715.jpg,1
emotionet_5_sixth_50000_270752.jpg,7
emotionet_5_sixth_50000_270760.jpg,5
emotionet_5_sixth_50000_270805.jpg,4
emotionet_5_sixth_50000_270829.jpg,3
emotionet_5_sixth_50000_270852.jpg,1
emotionet_5_sixth_50000_270884.jpg,2
emotionet_5_sixth_50000_270926.jpg,1
emotionet_5_sixth_50000_270928.jpg,8
emotionet_5_sixth_50000_270953.jpg,6
emotionet_5_sixth_50000_270954.jpg,6
emotionet_5_sixth_50000_270976.jpg,2
emotionet_5_sixth_50000_270985.jpg,0
emotionet_5_sixth_50000_271003.jpg,6
emotionet_5_sixth_50000_271071.jpg,8
emotionet_5_sixth_50000_271076.jpg,7
emotionet_5_sixth_50000_271112.jpg,2
emotionet_5_sixth_50000_271120.jpg,2
emotionet_5_sixth_50000_271183.jpg,3
emotionet_5_sixth_50000_271184.jpg,7
emotionet_5_sixth_50000_271230.jpg,6
emotionet_5_sixth_50000_271239.jpg,7
emotionet_5_sixth_50000_271245.jpg,2
emotionet_5_sixth_50000_271267.jpg,7
emotionet_5_sixth_50000_271293.jpg,7
emotionet_5_sixth_50000_271294.jpg,0
emotionet_5_sixth_50000_271344.jpg,7
emotionet_5_sixth_50000_271366.jpg,6
emotionet_5_sixth_50000_271449.jpg,4
emotionet_5_sixth_50000_271462.jpg,3
emotionet_5_sixth_50000_271511.jpg,2
emotionet_5_sixth_50000_271534.jpg,0
emotionet_5_sixth_50000_271541.jpg,2
emotionet_5_sixth_50000_271599.jpg,0
emotionet_5_sixth_50000_271601.jpg,3
emotionet_5_sixth_50000_271606.jpg,7
emotionet_5_sixth_50000_271623.jpg,7
emotionet_5_sixth_50000_271624.jpg,2
emotionet_5_sixth_50000_271651.jpg,6
emotionet_5_sixth_50000_271664.jpg,2
emotionet_5_sixth_50000_271680.jpg,6
emotionet_5_sixth_50000_271689.jpg,8
emotionet_5_sixth_50000_271700.jpg,1
emotionet_5_sixth_50000_271709.jpg,7
emotionet_5_sixth_50000_271772.jpg,3
emotionet_5_sixth_50000_271775.jpg,4
emotionet_5_sixth_50000_271862.jpg,4
emotionet_5_sixth_50000_271865.jpg,0
emotionet_5_sixth_50000_271888.jpg,8
emotionet_5_sixth_50000_271896.jpg,0
emotionet_5_sixth_50000_271901.jpg,4
emotionet_5_sixth_50000_271933.jpg,1
emotionet_5_sixth_50000_271934.jpg,2
emotionet_5_sixth_50000_271941.jpg,4
emotionet_5_sixth_50000_271946.jpg,7
emotionet_5_sixth_50000_271948.jpg,7
emotionet_5_sixth_50000_271963.jpg,1
emotionet_5_sixth_50000_271997.jpg,2
emotionet_5_sixth_50000_271999.jpg,0
emotionet_5_sixth_50000_272040.jpg,5
emotionet_5_sixth_50000_272091.jpg,1
emotionet_5_sixth_50000_272111.jpg,5
emotionet_5_sixth_50000_272118.jpg,1
emotionet_5_sixth_50000_272141.jpg,5
emotionet_5_sixth_50000_272146.jpg,5
emotionet_5_sixth_50000_272163.jpg,1
emotionet_5_sixth_50000_272164.jpg,6
emotionet_5_sixth_50000_272190.jpg,6
emotionet_5_sixth_50000_272197.jpg,2
emotionet_5_sixth_50000_272206.jpg,6
emotionet_5_sixth_50000_272208.jpg,7
emotionet_5_sixth_50000_272251.jpg,2
emotionet_5_sixth_50000_272287.jpg,6
emotionet_5_sixth_50000_272310.jpg,0
emotionet_5_sixth_50000_272322.jpg,6
emotionet_5_sixth_50000_272325.jpg,1
emotionet_5_sixth_50000_272350.jpg,0
emotionet_5_sixth_50000_272357.jpg,2
emotionet_5_sixth_50000_272359.jpg,3
emotionet_5_sixth_50000_272426.jpg,3
emotionet_5_sixth_50000_272453.jpg,3
emotionet_5_sixth_50000_272570.jpg,4
emotionet_5_sixth_50000_272577.jpg,8
emotionet_5_sixth_50000_272630.jpg,4
emotionet_5_sixth_50000_272637.jpg,3
emotionet_5_sixth_50000_272667.jpg,7
emotionet_5_sixth_50000_272669.jpg,6
emotionet_5_sixth_50000_272713.jpg,3
emotionet_5_sixth_50000_272731.jpg,1
emotionet_5_sixth_50000_272736.jpg,8
emotionet_5_sixth_50000_272743.jpg,0
emotionet_5_sixth_50000_272795.jpg,7
emotionet_5_sixth_50000_272853.jpg,5
emotionet_5_sixth_50000_272854.jpg,7
emotionet_5_sixth_50000_272871.jpg,7
emotionet_5_sixth_50000_272876.jpg,2
emotionet_5_sixth_50000_272882.jpg,1
emotionet_5_sixth_50000_272885.jpg,3
emotionet_5_sixth_50000_272905.jpg,7
emotionet_5_sixth_50000_273020.jpg,7
emotionet_5_sixth_50000_273027.jpg,7
emotionet_5_sixth_50000_273029.jpg,8
emotionet_5_sixth_50000_273052.jpg,7
emotionet_5_sixth_50000_273077.jpg,4
emotionet_5_sixth_50000_273084.jpg,3
emotionet_5_sixth_50000_273103.jpg,0
emotionet_5_sixth_50000_273131.jpg,2
emotionet_5_sixth_50000_273153.jpg,3
emotionet_5_sixth_50000_273154.jpg,8
emotionet_5_sixth_50000_273176.jpg,8
emotionet_5_sixth_50000_273292.jpg,6
emotionet_5_sixth_50000_273337.jpg,0
emotionet_5_sixth_50000_273339.jpg,6
emotionet_5_sixth_50000_273393.jpg,2
emotionet_5_sixth_50000_273394.jpg,7
emotionet_5_sixth_50000_273408.jpg,3
emotionet_5_sixth_50000_273490.jpeg,4
emotionet_5_sixth_50000_273499.jpg,8
emotionet_5_sixth_50000_273510.jpg,3
emotionet_5_sixth_50000_273517.jpg,7
emotionet_5_sixth_50000_273534.jpeg,8
emotionet_5_sixth_50000_273549.jpg,2
emotionet_5_sixth_50000_273607.jpg,4
emotionet_5_sixth_50000_273675.jpg,5
emotionet_5_sixth_50000_273833.jpg,3
emotionet_5_sixth_50000_273834.jpg,3
emotionet_5_sixth_50000_273846.jpg,1
emotionet_5_sixth_50000_273917.jpg,2
emotionet_5_sixth_50000_273962.jpg,3
emotionet_5_sixth_50000_274025.jpg,2
emotionet_5_sixth_50000_274044.JPG,7
emotionet_5_sixth_50000_274050.jpg,2
emotionet_5_sixth_50000_274057.jpg,1
emotionet_5_sixth_50000_274062.jpg,0
emotionet_5_sixth_50000_274081.jpg,7
emotionet_5_sixth_50000_274106.jpg,7
emotionet_5_sixth_50000_274108.jpg,2
emotionet_5_sixth_50000_274270.JPG,8
emotionet_5_sixth_50000_274299.jpg,5
emotionet_5_sixth_50000_274303.JPG,4
emotionet_5_sixth_50000_274332.jpg,4
emotionet_5_sixth_50000_274335.jpg,5
emotionet_5_sixth_50000_274349.jpg,6
emotionet_5_sixth_50000_274403.jpg,1
emotionet_5_sixth_50000_274444.jpg,7
emotionet_5_sixth_50000_274515.jpg,5
emotionet_5_sixth_50000_274542.jpg,6
emotionet_5_sixth_50000_274593.jpg,8
emotionet_5_sixth_50000_274594.jpg,8
emotionet_5_sixth_50000_274602.jpg,1
emotionet_5_sixth_50000_274605.jpg,8
emotionet_5_sixth_50000_274652.jpg,0
emotionet_5_sixth_50000_274714.jpg,8
emotionet_5_sixth_50000_274726.jpg,4
emotionet_5_sixth_50000_274807.JPG,6
emotionet_5_sixth_50000_274813.jpg,4
emotionet_5_sixth_50000_274831.jpg,4
emotionet_5_sixth_50000_274836.jpg,6
emotionet_5_sixth_50000_274838.jpg,6
emotionet_5_sixth_50000_274843.jpg,1
emotionet_5_sixth_50000_274895.jpg,0
emotionet_5_sixth_50000_274915.jpg,0
emotionet_5_sixth_50000_274960.jpg,7
emotionet_5_sixth_50000_274967.jpg,4
emotionet_5_sixth_50000_274969.jpg,0
emotionet_5_sixth_50000_275039.jpg,3
emotionet_5_sixth_50000_275058.JPG,7
emotionet_5_sixth_50000_275093.jpg,7
emotionet_5_sixth_50000_275136.jpg,5
emotionet_5_sixth_50000_275154.jpg,7
emotionet_5_sixth_50000_275161.jpg,4
emotionet_5_sixth_50000_275166.jpg,8
emotionet_5_sixth_50000_275185.jpg,2
emotionet_5_sixth_50000_275203.jpg,6
emotionet_5_sixth_50000_275204.jpg,8
emotionet_5_sixth_50000_275221.jpg,4
emotionet_5_sixth_50000_275302.jpg,0
emotionet_5_sixth_50000_275320.jpg,2
emotionet_5_sixth_50000_275327.jpg,5
emotionet_5_sixth_50000_275329.jpg,7
emotionet_5_sixth_50000_275352.jpg,5
emotionet_5_sixth_50000_275364.jpeg,5
emotionet_5_sixth_50000_275390.JPG,1
emotionet_5_sixth_50000_275456.jpg,5
emotionet_5_sixth_50000_275458.jpg,2
emotionet_5_sixth_50000_275473.jpg,4
emotionet_5_sixth_50000_275474.jpg,5
emotionet_5_sixth_50000_275480.jpg,2
emotionet_5_sixth_50000_275487.jpg,0
emotionet_5_sixth_50000_275572.jpg,3
emotionet_5_sixth_50000_275575.jpg,1
emotionet_5_sixth_50000_275610.jpg,5
emotionet_5_sixth_50000_275640.jpg,4
emotionet_5_sixth_50000_275691.jpg,1
emotionet_5_sixth_50000_275718.jpg,5
emotionet_5_sixth_50000_275733.jpg,1
emotionet_5_sixth_50000_275797.jpg,6
emotionet_5_sixth_50000_275799.jpg,7
emotionet_5_sixth_50000_275801.jpg,3
emotionet_5_sixth_50000_275880.jpg,3
emotionet_5_sixth_50000_275887.jpg,6
emotionet_5_sixth_50000_275889.jpg,8
emotionet_5_sixth_50000_275947.jpg,7
emotionet_5_sixth_50000_275996.jpg,4
emotionet_5_sixth_50000_276001.jpg,0
emotionet_5_sixth_50000_276006.jpg,5
emotionet_5_sixth_50000_276023.jpg,3
emotionet_5_sixth_50000_276073.jpg,6
emotionet_5_sixth_50000_276074.jpg,3
emotionet_5_sixth_50000_276150.jpg,4
emotionet_5_sixth_50000_276157.jpg,6
emotionet_5_sixth_50000_276181.jpg,0
emotionet_5_sixth_50000_276186.jpg,2
emotionet_5_sixth_50000_276188.jpg,8
emotionet_5_sixth_50000_276210.jpg,1
emotionet_5_sixth_50000_276240.jpg,0
emotionet_5_sixth_50000_276249.jpg,3
emotionet_5_sixth_50000_276296.jpg,5
emotionet_5_sixth_50000_276298.jpg,4
emotionet_5_sixth_50000_276311.jpg,0
emotionet_5_sixth_50000_276316.jpg,2
emotionet_5_sixth_50000_276318.jpg,6
emotionet_5_sixth_50000_276334.jpg,2
emotionet_5_sixth_50000_276356.jpg,7
emotionet_5_sixth_50000_276364.jpg,3
emotionet_5_sixth_50000_276387.jpg,5
emotionet_5_sixth_50000_276399.jpg,0
emotionet_5_sixth_50000_276420.jpg,0
emotionet_5_sixth_50000_276439.jpg,8
emotionet_5_sixth_50000_276442.jpg,4
emotionet_5_sixth_50000_276460.jpg,6
emotionet_5_sixth_50000_276493.jpg,7
emotionet_5_sixth_50000_276654.jpg,2
emotionet_5_sixth_50000_276702.jpg,6
emotionet_5_sixth_50000_276718.JPG,1
emotionet_5_sixth_50000_276729.jpg,0
emotionet_5_sixth_50000_276770.jpg,6
emotionet_5_sixth_50000_276777.jpg,8
emotionet_5_sixth_50000_276779.jpg,8
emotionet_5_sixth_50000_276784.jpg,8
emotionet_5_sixth_50000_276812.jpg,5
emotionet_5_sixth_50000_276815.jpg,5
emotionet_5_sixth_50000_276852.jpg,7
emotionet_5_sixth_50000_276992.jpg,6
emotionet_5_sixth_50000_276995.jpg,6
emotionet_5_sixth_50000_277013.jpg,8
emotionet_5_sixth_50000_277036.jpg,4
emotionet_5_sixth_50000_277061.jpg,4
emotionet_5_sixth_50000_277066.jpg,4
emotionet_5_sixth_50000_277137.jpg,0
emotionet_5_sixth_50000_277145.jpg,5
emotionet_5_sixth_50000_277193.jpg,3
emotionet_5_sixth_50000_277202.jpg,7
emotionet_5_sixth_50000_277255.jpg,5
emotionet_5_sixth_50000_277279.jpg,1
emotionet_5_sixth_50000_277321.jpg,7
emotionet_5_sixth_50000_277326.jpg,8
emotionet_5_sixth_50000_277338.jpg,6
emotionet_5_sixth_50000_277376.jpg,5
emotionet_5_sixth_50000_277400.jpg,1
emotionet_5_sixth_50000_277409.jpg,6
emotionet_5_sixth_50000_277472.jpg,4
emotionet_5_sixth_50000_277475.jpg,8
emotionet_5_sixth_50000_277481.jpg,6
emotionet_5_sixth_50000_277486.jpg,6
emotionet_5_sixth_50000_277516.jpg,2
emotionet_5_sixth_50000_277587.jpg,6
emotionet_5_sixth_50000_277601.jpg,6
emotionet_5_sixth_50000_277634.jpg,4
emotionet_5_sixth_50000_277641.jpg,7
emotionet_5_sixth_50000_277677.JPG,1
emotionet_5_sixth_50000_277697.jpg,4
emotionet_5_sixth_50000_277719.jpg,2
emotionet_5_sixth_50000_277747.jpg,2
emotionet_5_sixth_50000_277759.jpg,1
emotionet_5_sixth_50000_277791.jpg,7
emotionet_5_sixth_50000_277796.jpg,6
emotionet_5_sixth_50000_277809.jpg,0
emotionet_5_sixth_50000_277822.jpg,6
emotionet_5_sixth_50000_277825.jpg,5
emotionet_5_sixth_50000_277859.jpg,0
emotionet_5_sixth_50000_277872.jpg,6
emotionet_5_sixth_50000_277875.jpg,6
emotionet_5_sixth_50000_277906.jpg,6
emotionet_5_sixth_50000_277956.jpg,5
emotionet_5_sixth_50000_277980.jpg,1
emotionet_5_sixth_50000_277989.jpg,1
emotionet_5_sixth_50000_278005.jpg,1
emotionet_5_sixth_50000_278045.jpg,3
emotionet_5_sixth_50000_278056.JPG,4
emotionet_5_sixth_50000_278067.jpg,3
emotionet_5_sixth_50000_278093.jpg,3
emotionet_5_sixth_50000_278094.jpg,5
emotionet_5_sixth_50000_278113.jpg,1
emotionet_5_sixth_50000_278114.jpg,3
emotionet_5_sixth_50000_278161.jpg,8
emotionet_5_sixth_50000_278195.jpg,8
emotionet_5_sixth_50000_278203.jpg,8
emotionet_5_sixth_50000_278204.jpg,4
emotionet_5_sixth_50000_278253.jpg,4
emotionet_5_sixth_50000_278254.jpg,1
emotionet_5_sixth_50000_278327.jpg,7
emotionet_5_sixth_50000_278329.jpg,5
emotionet_5_sixth_50000_278348.JPG,8
emotionet_5_sixth_50000_278365.jpeg,0
emotionet_5_sixth_50000_278370.jpg,7
emotionet_5_sixth_50000_278384.jpg,6
emotionet_5_sixth_50000_278451.jpg,8
emotionet_5_sixth_50000_278464.jpg,6
emotionet_5_sixth_50000_278487.jpg,0
emotionet_5_sixth_50000_278489.jpg,8
emotionet_5_sixth_50000_278507.jpg,7
emotionet_5_sixth_50000_278509.jpg,6
emotionet_5_sixth_50000_278522.jpg,0
emotionet_5_sixth_50000_278531.JPG,5
emotionet_5_sixth_50000_278540.jpg,5
emotionet_5_sixth_50000_278559.jpg,8
emotionet_5_sixth_50000_278572.jpg,3
emotionet_5_sixth_50000_278575.jpg,3
emotionet_5_sixth_50000_278610.jpg,1
emotionet_5_sixth_50000_278617.jpg,6
emotionet_5_sixth_50000_278619.jpg,7
emotionet_5_sixth_50000_278632.jpg,7
emotionet_5_sixth_50000_278635.jpg,8
emotionet_5_sixth_50000_278649.jpg,6
emotionet_5_sixth_50000_278662.jpg,2
emotionet_5_sixth_50000_278665.jpg,0
emotionet_5_sixth_50000_278698.jpg,4
emotionet_5_sixth_50000_278734.jpg,2
emotionet_5_sixth_50000_278741.jpg,5
emotionet_5_sixth_50000_278746.jpg,2
emotionet_5_sixth_50000_278799.jpg,3
emotionet_5_sixth_50000_278808.jpg,4
emotionet_5_sixth_50000_278816.jpg,8
emotionet_5_sixth_50000_278823.jpg,1
emotionet_5_sixth_50000_278824.jpg,1
emotionet_5_sixth_50000_278858.jpg,4
emotionet_5_sixth_50000_278880.jpg,7
emotionet_5_sixth_50000_278887.jpg,6
emotionet_5_sixth_50000_278889.jpg,2
emotionet_5_sixth_50000_278950.jpg,8
emotionet_5_sixth_50000_278957.jpg,7
emotionet_5_sixth_50000_278972.jpg,5
emotionet_5_sixth_50000_279009.jpg,2
emotionet_5_sixth_50000_279050.jpg,7
emotionet_5_sixth_50000_279072.jpg,5
emotionet_5_sixth_50000_279108.jpg,2
emotionet_5_sixth_50000_279180.jpg,7
emotionet_5_sixth_50000_279246.jpg,4
emotionet_5_sixth_50000_279263.jpg,8
emotionet_5_sixth_50000_279300.jpg,4
emotionet_5_sixth_50000_279319.jpg,8
emotionet_5_sixth_50000_279332.jpg,1
emotionet_5_sixth_50000_279335.jpg,3
emotionet_5_sixth_50000_279340.jpg,0
emotionet_5_sixth_50000_279347.jpg,3
emotionet_5_sixth_50000_279349.jpg,6
emotionet_5_sixth_50000_279362.jpg,0
emotionet_5_sixth_50000_279365.jpg,6
emotionet_5_sixth_50000_279431.jpg,2
emotionet_5_sixth_50000_279443.jpg,4
emotionet_5_sixth_50000_279450.JPG,0
emotionet_5_sixth_50000_279492.jpg,0
emotionet_5_sixth_50000_279495.jpg,5
emotionet_5_sixth_50000_279512.jpg,8
emotionet_5_sixth_50000_279515.jpg,0
emotionet_5_sixth_50000_279530.jpg,7
emotionet_5_sixth_50000_279569.jpg,5
emotionet_5_sixth_50000_279605.jpg,1
emotionet_5_sixth_50000_279726.jpg,0
emotionet_5_sixth_50000_279728.jpg,3
emotionet_5_sixth_50000_279778.jpg,5
emotionet_5_sixth_50000_279785.jpg,7
emotionet_5_sixth_50000_279843.jpg,5
emotionet_5_sixth_50000_279866.jpg,4
emotionet_5_sixth_50000_279892.jpg,0
emotionet_5_sixth_50000_279920.jpg,8
emotionet_5_sixth_50000_279969.jpg,4
emotionet_5_sixth_50000_279993.jpg,6
emotionet_5_sixth_50000_280003.jpg,0
emotionet_5_sixth_50000_280021.jpg,2
emotionet_5_sixth_50000_280102.jpg,5
emotionet_5_sixth_50000_280105.jpg,8
emotionet_5_sixth_50000_280120.jpg,8
emotionet_5_sixth_50000_280184.jpeg,4
emotionet_5_sixth_50000_280194.jpg,5
emotionet_5_sixth_50000_280215.jpg,4
emotionet_5_sixth_50000_280230.jpg,6
emotionet_5_sixth_50000_280260.jpg,1
emotionet_5_sixth_50000_280313.jpg,5
emotionet_5_sixth_50000_280314.jpg,6
emotionet_5_sixth_50000_280343.jpg,8
emotionet_5_sixth_50000_280344.jpg,5
emotionet_5_sixth_50000_280449.jpg,7
emotionet_5_sixth_50000_280516.jpg,0
emotionet_5_sixth_50000_280518.jpg,2
emotionet_5_sixth_50000_280546.jpg,7
emotionet_5_sixth_50000_280558.jpg,7
emotionet_5_sixth_50000_280563.jpg,0
emotionet_5_sixth_50000_280601.jpg,7
emotionet_5_sixth_50000_280651.jpg,5
emotionet_5_sixth_50000_280673.jpg,3
emotionet_5_sixth_50000_280674.jpg,4
emotionet_5_sixth_50000_280680.jpg,5
emotionet_5_sixth_50000_280687.jpg,5
emotionet_5_sixth_50000_280709.jpg,1
emotionet_5_sixth_50000_280722.jpg,2
emotionet_5_sixth_50000_280725.jpg,0
emotionet_5_sixth_50000_280750.jpg,0
emotionet_5_sixth_50000_280757.jpg,8
emotionet_5_sixth_50000_280759.jpg,1
emotionet_5_sixth_50000_280772.jpg,5
emotionet_5_sixth_50000_280775.jpg,7
emotionet_5_sixth_50000_280781.jpg,3
emotionet_5_sixth_50000_280786.jpg,0
emotionet_5_sixth_50000_280788.jpg,8
emotionet_5_sixth_50000_280810.jpg,1
emotionet_5_sixth_50000_280817.jpg,2
emotionet_5_sixth_50000_280832.jpg,7
emotionet_5_sixth_50000_280835.jpg,8
emotionet_5_sixth_50000_280840.jpg,5
emotionet_5_sixth_50000_280849.jpg,8
emotionet_5_sixth_50000_280891.jpg,2
emotionet_5_sixth_50000_280948.jpg,0
emotionet_5_sixth_50000_280987.jpg,0
emotionet_5_sixth_50000_280999.jpg,0
emotionet_5_sixth_50000_281090.jpg,0
emotionet_5_sixth_50000_281099.jpg,8
emotionet_5_sixth_50000_281110.jpg,2
emotionet_5_sixth_50000_281117.jpg,3
emotionet_5_sixth_50000_281132.jpg,0
emotionet_5_sixth_50000_281207.jpg,8
emotionet_5_sixth_50000_281209.jpg,4
emotionet_5_sixth_50000_281306.jpg,0
emotionet_5_sixth_50000_281356.jpg,3
emotionet_5_sixth_50000_281358.jpg,5
emotionet_5_sixth_50000_281364.jpg,0
emotionet_5_sixth_50000_281380.jpg,5
emotionet_5_sixth_50000_281389.jpg,7
emotionet_5_sixth_50000_281464.JPG,3
emotionet_5_sixth_50000_281470.jpg,3
emotionet_5_sixth_50000_281483.jpg,6
emotionet_5_sixth_50000_281484.jpg,2
emotionet_5_sixth_50000_281504.jpg,2
emotionet_5_sixth_50000_281553.jpg,6
emotionet_5_sixth_50000_281613.jpg,7
emotionet_5_sixth_50000_281614.jpg,4
emotionet_5_sixth_50000_281643.jpg,4
emotionet_5_sixth_50000_281705.jpg,8
emotionet_5_sixth_50000_281737.jpg,7
emotionet_5_sixth_50000_281745.jpg,2
emotionet_5_sixth_50000_281793.jpg,3
emotionet_5_sixth_50000_281794.jpg,0
emotionet_5_sixth_50000_281829.jpg,7
emotionet_5_sixth_50000_281852.jpg,6
emotionet_5_sixth_50000_281855.jpg,3
emotionet_5_sixth_50000_281860.jpg,5
emotionet_5_sixth_50000_281883.jpg,5
emotionet_5_sixth_50000_281884.jpg,4
emotionet_5_sixth_50000_281901.jpeg,5
emotionet_5_sixth_50000_281976.jpg,0
emotionet_5_sixth_50000_282002.jpg,3
emotionet_5_sixth_50000_282070.jpg,1
emotionet_5_sixth_50000_282104.jpg,6
emotionet_5_sixth_50000_282154.jpg,0
emotionet_5_sixth_50000_282182.jpg,8
emotionet_5_sixth_50000_282185.jpg,2
emotionet_5_sixth_50000_282244.jpg,6
emotionet_5_sixth_50000_282271.jpg,8
emotionet_5_sixth_50000_282315.jpg,7
emotionet_5_sixth_50000_282337.jpg,3
emotionet_5_sixth_50000_282360.jpg,2
emotionet_5_sixth_50000_282416.jpg,3
emotionet_5_sixth_50000_282490.jpg,5
emotionet_5_sixth_50000_282497.jpg,8
emotionet_5_sixth_50000_282547.jpg,0
emotionet_5_sixth_50000_282549.jpg,7
emotionet_5_sixth_50000_282659.jpg,0
emotionet_5_sixth_50000_282748.jpg,4
emotionet_5_sixth_50000_282780.jpg,7
emotionet_5_sixth_50000_282811.jpg,5
emotionet_5_sixth_50000_282833.jpg,5
emotionet_5_sixth_50000_282834.jpg,1
emotionet_5_sixth_50000_282864.jpg,4
emotionet_5_sixth_50000_282991.jpg,2
emotionet_5_sixth_50000_282996.jpg,6
emotionet_5_sixth_50000_283010.jpg,0
emotionet_5_sixth_50000_283019.jpg,7
emotionet_5_sixth_50000_283044.JPG,5
emotionet_5_sixth_50000_283050.jpg,0
emotionet_5_sixth_50000_283098.jpg,6
emotionet_5_sixth_50000_283201.jpg,1
emotionet_5_sixth_50000_283256.jpg,6
emotionet_5_sixth_50000_283280.jpg,1
emotionet_5_sixth_50000_283304.jpeg,2
emotionet_5_sixth_50000_283307.jpg,5
emotionet_5_sixth_50000_283329.jpeg,1
emotionet_5_sixth_50000_283330.jpeg,1
emotionet_5_sixth_50000_283335.jpeg,1
emotionet_5_sixth_50000_283357.jpeg,7
emotionet_5_sixth_50000_283362.jpeg,7
emotionet_5_sixth_50000_283366.jpeg,7
emotionet_5_sixth_50000_283388.jpg,6
emotionet_5_sixth_50000_283396.jpg,1
emotionet_5_sixth_50000_283428.jpg,7
emotionet_5_sixth_50000_283471.jpg,5
emotionet_5_sixth_50000_283476.jpg,0
emotionet_5_sixth_50000_283478.jpg,5
emotionet_5_sixth_50000_283520.jpg,4
emotionet_5_sixth_50000_283527.jpg,3
emotionet_5_sixth_50000_283569.jpg,1
emotionet_5_sixth_50000_283570.jpg,4
emotionet_5_sixth_50000_283583.jpg,4
emotionet_5_sixth_50000_283584.jpg,0
emotionet_5_sixth_50000_283630.jpg,3
emotionet_5_sixth_50000_283660.jpg,1
emotionet_5_sixth_50000_283693.jpg,3
emotionet_5_sixth_50000_283694.jpg,4
emotionet_5_sixth_50000_283714.jpg,4
emotionet_5_sixth_50000_283738.jpg,0
emotionet_5_sixth_50000_283761.jpg,3
emotionet_5_sixth_50000_283766.jpg,8
emotionet_5_sixth_50000_283792.jpg,3
emotionet_5_sixth_50000_283803.jpg,3
emotionet_5_sixth_50000_283892.jpg,1
emotionet_5_sixth_50000_283902.jpg,2
emotionet_5_sixth_50000_283927.jpg,4
emotionet_5_sixth_50000_283929.jpg,8
emotionet_5_sixth_50000_283952.jpg,0
emotionet_5_sixth_50000_283983.jpg,0
emotionet_5_sixth_50000_283984.jpg,6
emotionet_5_sixth_50000_284012.jpg,6
emotionet_5_sixth_50000_284039.jpg,2
emotionet_5_sixth_50000_284045.jpg,2
emotionet_5_sixth_50000_284060.jpg,3
emotionet_5_sixth_50000_284067.jpg,4
emotionet_5_sixth_50000_284103.jpg,0
emotionet_5_sixth_50000_284138.jpg,3
emotionet_5_sixth_50000_284221.jpg,6
emotionet_5_sixth_50000_284305.jpg,8
emotionet_5_sixth_50000_284370.jpg,6
emotionet_5_sixth_50000_284500.jpg,7
emotionet_5_sixth_50000_284559.jpg,1
emotionet_5_sixth_50000_284588.jpg,2
emotionet_5_sixth_50000_284632.jpg,6
emotionet_5_sixth_50000_284640.jpg,2
emotionet_5_sixth_50000_284647.jpg,3
emotionet_5_sixth_50000_284649.jpg,2
emotionet_5_sixth_50000_284691.jpg,1
emotionet_5_sixth_50000_284696.jpg,0
emotionet_5_sixth_50000_284801.jpg,4
emotionet_5_sixth_50000_284848.jpg,8
emotionet_5_sixth_50000_284851.jpg,5
emotionet_5_sixth_50000_284856.jpg,6
emotionet_5_sixth_50000_284873.jpg,6
emotionet_5_sixth_50000_284874.jpg,5
emotionet_5_sixth_50000_284880.jpg,7
emotionet_5_sixth_50000_284887.jpg,8
emotionet_5_sixth_50000_284899.jpg,2
emotionet_5_sixth_50000_284959.jpg,5
emotionet_5_sixth_50000_285086.jpg,5
emotionet_5_sixth_50000_285156.jpg,2
emotionet_5_sixth_50000_285174.jpg,1
emotionet_5_sixth_50000_285241.jpg,5
emotionet_5_sixth_50000_285299.jpg,5
emotionet_5_sixth_50000_285310.jpg,8
emotionet_5_sixth_50000_285319.jpg,7
emotionet_5_sixth_50000_285340.jpg,4
emotionet_5_sixth_50000_285461.jpg,4
emotionet_5_sixth_50000_285485.jpg,4
emotionet_5_sixth_50000_285512.jpg,4
emotionet_5_sixth_50000_285515.jpg,0
emotionet_5_sixth_50000_285530.jpg,2
emotionet_5_sixth_50000_285539.jpg,7
emotionet_5_sixth_50000_285542.jpg,1
emotionet_5_sixth_50000_285593.jpg,8
emotionet_5_sixth_50000_285602.jpg,4
emotionet_5_sixth_50000_285620.jpg,7
emotionet_5_sixth_50000_285627.jpg,6
emotionet_5_sixth_50000_285655.jpg,8
emotionet_5_sixth_50000_285679.jpg,8
emotionet_5_sixth_50000_285721.jpg,5
emotionet_5_sixth_50000_285778.jpg,4
emotionet_5_sixth_50000_285807.JPG,2
emotionet_5_sixth_50000_285861.jpg,2
emotionet_5_sixth_50000_286066.jpg,6
emotionet_5_sixth_50000_286202.jpg,1
emotionet_5_sixth_50000_286205.jpg,8
emotionet_5_sixth_50000_286376.jpg,5
emotionet_5_sixth_50000_286407.jpg,3
emotionet_5_sixth_50000_286422.jpg,4
emotionet_5_sixth_50000_286425.jpg,8
emotionet_5_sixth_50000_286431.JPG,3
emotionet_5_sixth_50000_286457.jpg,5
emotionet_5_sixth_50000_286481.jpg,6
emotionet_5_sixth_50000_286486.jpg,8
emotionet_5_sixth_50000_286488.jpg,7
emotionet_5_sixth_50000_286501.jpg,4
emotionet_5_sixth_50000_286506.jpg,8
emotionet_5_sixth_50000_286508.jpg,4
emotionet_5_sixth_50000_286541.jpg,5
emotionet_5_sixth_50000_286558.jpg,1
emotionet_5_sixth_50000_286574.jpg,5
emotionet_5_sixth_50000_286590.jpg,1
emotionet_5_sixth_50000_286611.jpg,3
emotionet_5_sixth_50000_286634.jpg,6
emotionet_5_sixth_50000_286656.jpg,0
emotionet_5_sixth_50000_286663.jpg,5
emotionet_5_sixth_50000_286664.jpg,1
emotionet_5_sixth_50000_286687.jpg,5
emotionet_5_sixth_50000_286717.jpg,0
emotionet_5_sixth_50000_286749.jpg,0
emotionet_5_sixth_50000_286796.jpg,2
emotionet_5_sixth_50000_286798.jpg,1
emotionet_5_sixth_50000_286809.jpg,2
emotionet_5_sixth_50000_286822.jpg,8
emotionet_5_sixth_50000_286825.jpg,4
emotionet_5_sixth_50000_286850.jpg,7
emotionet_5_sixth_50000_286857.jpg,7
emotionet_5_sixth_50000_286859.jpg,5
emotionet_5_sixth_50000_286872.jpg,5
emotionet_5_sixth_50000_286875.jpg,1
emotionet_5_sixth_50000_286886.jpg,5
emotionet_5_sixth_50000_286888.jpg,5
emotionet_5_sixth_50000_286901.jpg,1
emotionet_5_sixth_50000_286908.jpg,6
emotionet_5_sixth_50000_286980.jpg,7
emotionet_5_sixth_50000_287008.jpg,3
emotionet_5_sixth_50000_287023.jpg,3
emotionet_5_sixth_50000_287051.jpg,8
emotionet_5_sixth_50000_287056.jpg,8
emotionet_5_sixth_50000_287074.jpg,3
emotionet_5_sixth_50000_287094.JPG,8
emotionet_5_sixth_50000_287107.jpg,7
emotionet_5_sixth_50000_287109.jpg,4
emotionet_5_sixth_50000_287259.jpg,7
emotionet_5_sixth_50000_287296.jpg,6
emotionet_5_sixth_50000_287330.jpeg,7
emotionet_5_sixth_50000_287341.jpg,2
emotionet_5_sixth_50000_287346.jpg,8
emotionet_5_sixth_50000_287399.jpg,2
emotionet_5_sixth_50000_287415.jpg,1
emotionet_5_sixth_50000_287445.jpg,3
emotionet_5_sixth_50000_287477.jpg,5
emotionet_5_sixth_50000_287493.jpg,5
emotionet_5_sixth_50000_287494.jpg,1
emotionet_5_sixth_50000_287513.jpg,1
emotionet_5_sixth_50000_287531.jpg,5
emotionet_5_sixth_50000_287671.jpg,6
emotionet_5_sixth_50000_287678.jpg,6
emotionet_5_sixth_50000_287720.jpg,3
emotionet_5_sixth_50000_287729.jpg,1
emotionet_5_sixth_50000_287779.jpg,0
emotionet_5_sixth_50000_287830.jpg,4
emotionet_5_sixth_50000_287839.jpg,7
emotionet_5_sixth_50000_287893.jpg,0
emotionet_5_sixth_50000_287894.jpg,2
emotionet_5_sixth_50000_287961.jpg,7
emotionet_5_sixth_50000_287968.jpg,4
emotionet_5_sixth_50000_288007.jpg,6
emotionet_5_sixth_50000_288158.jpg,3
emotionet_5_sixth_50000_288180.jpg,4
emotionet_5_sixth_50000_288211.jpg,3
emotionet_5_sixth_50000_288233.jpg,3
emotionet_5_sixth_50000_288234.jpg,1
emotionet_5_sixth_50000_288241.jpg,3
emotionet_5_sixth_50000_288246.jpg,2
emotionet_5_sixth_50000_288273.jpg,4
emotionet_5_sixth_50000_288297.jpg,0
emotionet_5_sixth_50000_288317.jpg,1
emotionet_5_sixth_50000_288371.JPG,0
emotionet_5_sixth_50000_288398.jpg,2
emotionet_5_sixth_50000_288413.jpg,8
emotionet_5_sixth_50000_288414.jpg,1
emotionet_5_sixth_50000_288421.jpg,7
emotionet_5_sixth_50000_288438.jpg,0
emotionet_5_sixth_50000_288443.jpg,3
emotionet_5_sixth_50000_288444.jpg,6
emotionet_5_sixth_50000_288466.jpg,0
emotionet_5_sixth_50000_288537.jpg,3
emotionet_5_sixth_50000_288539.jpg,2
emotionet_5_sixth_50000_288542.jpg,3
emotionet_5_sixth_50000_288545.jpg,7
emotionet_5_sixth_50000_288593.jpg,8
emotionet_5_sixth_50000_288620.jpg,3
emotionet_5_sixth_50000_288627.jpg,6
emotionet_5_sixth_50000_288683.jpg,0
emotionet_5_sixth_50000_288703.jpg,1
emotionet_5_sixth_50000_288814.jpg,0
emotionet_5_sixth_50000_288868.jpg,0
emotionet_5_sixth_50000_288939.jpg,2
emotionet_5_sixth_50000_288993.jpg,2
emotionet_5_sixth_50000_288994.jpg,5
emotionet_5_sixth_50000_289015.jpg,0
emotionet_5_sixth_50000_289024.JPG,7
emotionet_5_sixth_50000_289030.jpg,6
emotionet_5_sixth_50000_289052.jpg,0
emotionet_5_sixth_50000_289060.jpg,1
emotionet_5_sixth_50000_289067.jpg,2
emotionet_5_sixth_50000_289069.jpg,6
emotionet_5_sixth_50000_289083.jpg,5
emotionet_5_sixth_50000_289113.jpg,8
emotionet_5_sixth_50000_289131.jpg,0
emotionet_5_sixth_50000_289136.jpg,4
emotionet_5_sixth_50000_289138.jpg,2
emotionet_5_sixth_50000_289181.JPG,6
emotionet_5_sixth_50000_289203.jpg,0
emotionet_5_sixth_50000_289282.jpg,1
emotionet_5_sixth_50000_289291.JPG,3
emotionet_5_sixth_50000_289296.JPG,4
emotionet_5_sixth_50000_289298.JPG,6
emotionet_5_sixth_50000_289327.jpg,8
emotionet_5_sixth_50000_289370.jpg,1
emotionet_5_sixth_50000_289406.jpg,4
emotionet_5_sixth_50000_289408.jpg,2
emotionet_5_sixth_50000_289433.jpg,8
emotionet_5_sixth_50000_289474.jpg,3
emotionet_5_sixth_50000_289480.jpg,6
emotionet_5_sixth_50000_289509.jpg,7
emotionet_5_sixth_50000_289557.jpg,1
emotionet_5_sixth_50000_289559.jpg,7
emotionet_5_sixth_50000_289581.jpg,0
emotionet_5_sixth_50000_289588.jpg,1
emotionet_5_sixth_50000_289632.jpg,5
emotionet_5_sixth_50000_289635.jpg,4
emotionet_5_sixth_50000_289640.jpg,7
emotionet_5_sixth_50000_289649.jpg,7
emotionet_5_sixth_50000_289662.jpg,7
emotionet_5_sixth_50000_289696.jpg,0
emotionet_5_sixth_50000_289698.jpg,6
emotionet_5_sixth_50000_289716.jpg,6
emotionet_5_sixth_50000_289746.jpg,0
emotionet_5_sixth_50000_289764.jpg,1
emotionet_5_sixth_50000_289801.jpg,0
emotionet_5_sixth_50000_289806.jpg,7
emotionet_5_sixth_50000_289841.jpg,2
emotionet_5_sixth_50000_289889.jpg,8
emotionet_5_sixth_50000_289890.jpg,2
emotionet_5_sixth_50000_289922.jpg,8
emotionet_5_sixth_50000_289925.jpg,0
emotionet_5_sixth_50000_289950.jpg,5
emotionet_5_sixth_50000_289957.jpg,0
emotionet_5_sixth_50000_289959.jpg,7
emotionet_5_sixth_50000_289981.jpg,4
emotionet_5_sixth_50000_289986.jpg,8
emotionet_5_sixth_50000_290062.JPG,7
emotionet_5_sixth_50000_290068.jpg,6
emotionet_5_sixth_50000_290130.jpg,3
emotionet_5_sixth_50000_290137.jpg,4
emotionet_5_sixth_50000_290378.jpg,3
emotionet_5_sixth_50000_290382.jpg,2
emotionet_5_sixth_50000_290409.jpg,8
emotionet_5_sixth_50000_290417.jpg,7
emotionet_5_sixth_50000_290422.jpg,1
emotionet_5_sixth_50000_290425.jpg,0
emotionet_5_sixth_50000_290450.jpg,5
emotionet_5_sixth_50000_290475.jpg,6
emotionet_5_sixth_50000_290481.jpg,5
emotionet_5_sixth_50000_290486.jpg,4
emotionet_5_sixth_50000_290488.jpg,5
emotionet_5_sixth_50000_290506.jpg,2
emotionet_5_sixth_50000_290573.jpg,0
emotionet_5_sixth_50000_290574.jpg,7
emotionet_5_sixth_50000_290646.jpg,4
emotionet_5_sixth_50000_290652.JPG,2
emotionet_5_sixth_50000_290664.jpg,6
emotionet_5_sixth_50000_290689.jpg,5
emotionet_5_sixth_50000_290700.jpg,5
emotionet_5_sixth_50000_290735.jpg,6
emotionet_5_sixth_50000_290740.jpg,0
emotionet_5_sixth_50000_290747.jpg,5
emotionet_5_sixth_50000_290765.jpg,2
emotionet_5_sixth_50000_290791.jpg,0
emotionet_5_sixth_50000_290807.jpg,8
emotionet_5_sixth_50000_290822.jpg,2
emotionet_5_sixth_50000_290825.jpg,0
emotionet_5_sixth_50000_290850.jpg,8
emotionet_5_sixth_50000_290857.jpg,0
emotionet_5_sixth_50000_290859.jpg,1
emotionet_5_sixth_50000_290865.jpg,8
emotionet_5_sixth_50000_290886.jpg,4
emotionet_5_sixth_50000_290888.jpg,0
emotionet_5_sixth_50000_290901.jpg,3
emotionet_5_sixth_50000_290908.jpg,1
emotionet_5_sixth_50000_290923.jpg,2
emotionet_5_sixth_50000_290924.jpg,3
emotionet_5_sixth_50000_290973.jpg,8
emotionet_5_sixth_50000_290974.jpg,3
emotionet_5_sixth_50000_291006.jpg,1
emotionet_5_sixth_50000_291023.jpg,8
emotionet_5_sixth_50000_291024.jpg,6
emotionet_5_sixth_50000_291051.jpg,6
emotionet_5_sixth_50000_291056.jpg,6
emotionet_5_sixth_50000_291058.jpg,0
emotionet_5_sixth_50000_291080.jpg,2
emotionet_5_sixth_50000_291100.jpg,1
emotionet_5_sixth_50000_291109.jpg,4
emotionet_5_sixth_50000_291122.jpg,0
emotionet_5_sixth_50000_291140.jpg,7
emotionet_5_sixth_50000_291159.jpg,2
emotionet_5_sixth_50000_291188.jpg,1
emotionet_5_sixth_50000_291191.jpg,4
emotionet_5_sixth_50000_291210.jpg,6
emotionet_5_sixth_50000_291219.jpg,3
emotionet_5_sixth_50000_291232.jpg,4
emotionet_5_sixth_50000_291235.jpg,8
emotionet_5_sixth_50000_291249.jpg,6
emotionet_5_sixth_50000_291257.jpg,3
emotionet_5_sixth_50000_291262.jpg,3
emotionet_5_sixth_50000_291265.jpg,5
emotionet_5_sixth_50000_291292.JPG,6
emotionet_5_sixth_50000_291311.jpg,5
emotionet_5_sixth_50000_291341.jpg,3
emotionet_5_sixth_50000_291430.jpg,3
emotionet_5_sixth_50000_291439.jpg,4
emotionet_5_sixth_50000_291442.jpg,8
emotionet_5_sixth_50000_291445.jpg,8
emotionet_5_sixth_50000_291493.jpg,1
emotionet_5_sixth_50000_291513.jpg,4
emotionet_5_sixth_50000_291561.jpg,4
emotionet_5_sixth_50000_291653.jpg,4
emotionet_5_sixth_50000_291654.jpg,2
emotionet_5_sixth_50000_291676.jpg,2
emotionet_5_sixth_50000_291685.jpg,8
emotionet_5_sixth_50000_291770.jpg,1
emotionet_5_sixth_50000_291777.jpg,4
emotionet_5_sixth_50000_291783.jpg,0
emotionet_5_sixth_50000_291784.jpg,6
emotionet_5_sixth_50000_291812.jpg,4
emotionet_5_sixth_50000_291815.jpg,2
emotionet_5_sixth_50000_291837.jpg,6
emotionet_5_sixth_50000_291913.jpg,5
emotionet_5_sixth_50000_291914.jpg,2
emotionet_5_sixth_50000_291953.jpg,3
emotionet_5_sixth_50000_291966.jpg,8
emotionet_5_sixth_50000_291968.jpg,2
emotionet_5_sixth_50000_292037.jpg,5
emotionet_5_sixth_50000_292055.jpg,1
emotionet_5_sixth_50000_292060.jpg,8
emotionet_5_sixth_50000_292067.jpg,0
emotionet_5_sixth_50000_292069.jpg,1
emotionet_5_sixth_50000_292084.jpg,3
emotionet_5_sixth_50000_292113.jpg,4
emotionet_5_sixth_50000_292114.jpg,4
emotionet_5_sixth_50000_292131.jpg,4
emotionet_5_sixth_50000_292136.jpg,8
emotionet_5_sixth_50000_292143.jpg,5
emotionet_5_sixth_50000_292228.jpg,0
emotionet_5_sixth_50000_292254.jpg,6
emotionet_5_sixth_50000_292282.jpg,0
emotionet_5_sixth_50000_292285.jpg,3
emotionet_5_sixth_50000_292408.jpg,8
emotionet_5_sixth_50000_292434.jpg,3
emotionet_5_sixth_50000_292456.jpg,0
emotionet_5_sixth_50000_292474.jpg,4
emotionet_5_sixth_50000_292487.jpg,4
emotionet_5_sixth_50000_292522.jpg,4
emotionet_5_sixth_50000_292536.JPG,2
emotionet_5_sixth_50000_292550.jpg,3
emotionet_5_sixth_50000_292557.jpg,7
emotionet_5_sixth_50000_292559.jpg,5
emotionet_5_sixth_50000_292581.jpg,3
emotionet_5_sixth_50000_292619.jpg,8
emotionet_5_sixth_50000_292640.jpg,6
emotionet_5_sixth_50000_292647.jpg,7
emotionet_5_sixth_50000_292665.jpg,0
emotionet_5_sixth_50000_292691.jpg,6
emotionet_5_sixth_50000_292696.jpg,6
emotionet_5_sixth_50000_292711.jpg,5
emotionet_5_sixth_50000_292716.jpg,7
emotionet_5_sixth_50000_292718.jpg,2
emotionet_5_sixth_50000_292723.jpg,8
emotionet_5_sixth_50000_292746.jpg,2
emotionet_5_sixth_50000_292770.JPG,0
emotionet_5_sixth_50000_292790.jpg,6
emotionet_5_sixth_50000_292889.jpg,6
emotionet_5_sixth_50000_292897.jpg,6
emotionet_5_sixth_50000_292900.jpg,7
emotionet_5_sixth_50000_292907.jpg,0
emotionet_5_sixth_50000_292925.jpg,3
emotionet_5_sixth_50000_292950.jpg,3
emotionet_5_sixth_50000_292957.jpg,2
emotionet_5_sixth_50000_292981.jpg,7
emotionet_5_sixth_50000_292986.jpg,6
emotionet_5_sixth_50000_292988.jpg,1
emotionet_5_sixth_50000_293000.jpg,6
emotionet_5_sixth_50000_293007.jpg,6
emotionet_5_sixth_50000_293009.jpg,5
emotionet_5_sixth_50000_293022.jpg,1
emotionet_5_sixth_50000_293025.jpg,4
emotionet_5_sixth_50000_293072.jpg,0
emotionet_5_sixth_50000_293075.jpg,3
emotionet_5_sixth_50000_293088.jpg,1
emotionet_5_sixth_50000_293106.jpg,1
emotionet_5_sixth_50000_293189.jpg,0
emotionet_5_sixth_50000_293216.jpg,2
emotionet_5_sixth_50000_293246.jpg,0
emotionet_5_sixth_50000_293317.jpg,1
emotionet_5_sixth_50000_293319.jpg,6
emotionet_5_sixth_50000_293332.jpg,7
emotionet_5_sixth_50000_293362.jpg,5
emotionet_5_sixth_50000_293365.jpg,0
emotionet_5_sixth_50000_293438.jpg,4
emotionet_5_sixth_50000_293443.jpg,8
emotionet_5_sixth_50000_293461.jpg,7
emotionet_5_sixth_50000_293466.jpg,6
emotionet_5_sixth_50000_293468.jpg,5
emotionet_5_sixth_50000_293472.JPG,5
emotionet_5_sixth_50000_293492.jpg,0
emotionet_5_sixth_50000_293495.jpg,4
emotionet_5_sixth_50000_293530.jpg,0
emotionet_5_sixth_50000_293539.jpg,5
emotionet_5_sixth_50000_293545.jpg,0
emotionet_5_sixth_50000_293560.jpg,0
emotionet_5_sixth_50000_293620.jpg,1
emotionet_5_sixth_50000_293629.jpg,0
emotionet_5_sixth_50000_293652.jpg,3
emotionet_5_sixth_50000_293655.jpg,1
emotionet_5_sixth_50000_293785.jpg,7
emotionet_5_sixth_50000_293813.jpg,7
emotionet_5_sixth_50000_293828.jpg,3
emotionet_5_sixth_50000_293831.jpg,5
emotionet_5_sixth_50000_294030.jpg,2
emotionet_5_sixth_50000_294070.jpg,7
emotionet_5_sixth_50000_294077.jpg,1
emotionet_5_sixth_50000_294079.jpg,2
emotionet_5_sixth_50000_294083.jpg,2
emotionet_5_sixth_50000_294168.jpg,1
emotionet_5_sixth_50000_294176.jpg,1
emotionet_5_sixth_50000_294185.jpg,1
emotionet_5_sixth_50000_294243.jpg,0
emotionet_5_sixth_50000_294244.jpg,4
emotionet_5_sixth_50000_294312.jpg,8
emotionet_5_sixth_50000_294360.jpg,1
emotionet_5_sixth_50000_294367.jpg,5
emotionet_5_sixth_50000_294411.jpg,6
emotionet_5_sixth_50000_294416.jpg,6
emotionet_5_sixth_50000_294418.jpg,8
emotionet_5_sixth_50000_294433.jpg,0
emotionet_5_sixth_50000_294463.jpg,0
emotionet_5_sixth_50000_294464.jpg,3
emotionet_5_sixth_50000_294499.jpg,7
emotionet_5_sixth_50000_294509.jpg,4
emotionet_5_sixth_50000_294510.jpg,4
emotionet_5_sixth_50000_294517.jpg,6
emotionet_5_sixth_50000_294532.jpg,4
emotionet_5_sixth_50000_294540.jpg,8
emotionet_5_sixth_50000_294547.jpg,6
emotionet_5_sixth_50000_294549.jpg,4
emotionet_5_sixth_50000_294605.jpeg,7
emotionet_5_sixth_50000_294650.jpg,8
emotionet_5_sixth_50000_294773.jpg,8
emotionet_5_sixth_50000_294774.jpg,6
emotionet_5_sixth_50000_294789.jpg,6
emotionet_5_sixth_50000_294811.jpg,2
emotionet_5_sixth_50000_294818.jpg,8
emotionet_5_sixth_50000_294823.jpg,4
emotionet_5_sixth_50000_294890.jpg,2
emotionet_5_sixth_50000_294935.jpg,6
emotionet_5_sixth_50000_294965.jpg,7
emotionet_5_sixth_50000_294996.jpg,4
emotionet_5_sixth_50000_295010.jpg,4
emotionet_5_sixth_50000_295017.jpg,0
emotionet_5_sixth_50000_295019.jpg,6
emotionet_5_sixth_50000_295040.jpg,3
emotionet_5_sixth_50000_295047.jpg,1
emotionet_5_sixth_50000_295062.jpg,6
emotionet_5_sixth_50000_295065.jpg,5
emotionet_5_sixth_50000_295091.jpg,1
emotionet_5_sixth_50000_295106.jpg,0
emotionet_5_sixth_50000_295118.jpg,8
emotionet_5_sixth_50000_295133.jpg,7
emotionet_5_sixth_50000_295134.jpg,0
emotionet_5_sixth_50000_295164.jpg,2
emotionet_5_sixth_50000_295188.jpeg,4
emotionet_5_sixth_50000_295197.jpg,5
emotionet_5_sixth_50000_295223.jpg,8
emotionet_5_sixth_50000_295224.jpg,2
emotionet_5_sixth_50000_295273.jpg,8
emotionet_5_sixth_50000_295287.jpg,4
emotionet_5_sixth_50000_295289.jpg,5
emotionet_5_sixth_50000_295300.jpg,3
emotionet_5_sixth_50000_295309.jpg,1
emotionet_5_sixth_50000_295340.jpeg,4
emotionet_5_sixth_50000_295349.jpg,0
emotionet_5_sixth_50000_295350.jpg,4
emotionet_5_sixth_50000_295372.jpg,7
emotionet_5_sixth_50000_295381.jpg,1
emotionet_5_sixth_50000_295426.jpg,6
emotionet_5_sixth_50000_295471.jpg,4
emotionet_5_sixth_50000_295478.jpg,3
emotionet_5_sixth_50000_295579.jpg,5
emotionet_5_sixth_50000_295584.jpg,7
emotionet_5_sixth_50000_295612.jpg,5
emotionet_5_sixth_50000_295642.jpg,4
emotionet_5_sixth_50000_295713.jpg,2
emotionet_5_sixth_50000_295714.jpg,1
emotionet_5_sixth_50000_295736.jpg,7
emotionet_5_sixth_50000_295854.jpg,6
emotionet_5_sixth_50000_295871.jpg,2
emotionet_5_sixth_50000_295929.jpg,6
emotionet_5_sixth_50000_295977.jpg,0
emotionet_5_sixth_50000_295983.jpg,5
emotionet_5_sixth_50000_295984.jpg,1
emotionet_5_sixth_50000_296071.jpg,7
emotionet_5_sixth_50000_296082.jpg,5
emotionet_5_sixth_50000_296129.jpg,1
emotionet_5_sixth_50000_296170.jpg,3
emotionet_5_sixth_50000_296179.jpg,7
emotionet_5_sixth_50000_296183.jpg,6
emotionet_5_sixth_50000_296184.jpg,3
emotionet_5_sixth_50000_296331.jpg,4
emotionet_5_sixth_50000_296336.jpg,3
emotionet_5_sixth_50000_296338.jpg,5
emotionet_5_sixth_50000_296392.jpg,5
emotionet_5_sixth_50000_296440.jpg,5
emotionet_5_sixth_50000_296491.jpg,5
emotionet_5_sixth_50000_296496.jpg,2
emotionet_5_sixth_50000_296564.jpg,6
emotionet_5_sixth_50000_296608.jpg,5
emotionet_5_sixth_50000_296658.jpg,7
emotionet_5_sixth_50000_296674.jpg,3
emotionet_5_sixth_50000_296707.jpg,2
emotionet_5_sixth_50000_296725.jpg,2
emotionet_5_sixth_50000_296757.jpg,0
emotionet_5_sixth_50000_296800.jpg,4
emotionet_5_sixth_50000_296828.JPG,4
emotionet_5_sixth_50000_296832.jpg,5
emotionet_5_sixth_50000_296835.jpg,1
emotionet_5_sixth_50000_296840.jpg,2
emotionet_5_sixth_50000_296847.jpg,0
emotionet_5_sixth_50000_296849.jpg,7
emotionet_5_sixth_50000_296862.jpg,2
emotionet_5_sixth_50000_296898.jpg,5
emotionet_5_sixth_50000_296941.jpg,1
emotionet_5_sixth_50000_297007.jpeg,4
emotionet_5_sixth_50000_297046.jpg,8
emotionet_5_sixth_50000_297064.jpg,6
emotionet_5_sixth_50000_297165.jpg,1
emotionet_5_sixth_50000_297196.jpg,5
emotionet_5_sixth_50000_297272.jpg,5
emotionet_5_sixth_50000_297308.jpg,1
emotionet_5_sixth_50000_297380.jpg,2
emotionet_5_sixth_50000_297405.jpg,4
emotionet_5_sixth_50000_297429.jpg,0
emotionet_5_sixth_50000_297483.jpg,1
emotionet_5_sixth_50000_297503.jpg,2
emotionet_5_sixth_50000_297504.jpg,3
emotionet_5_sixth_50000_297526.jpg,5
emotionet_5_sixth_50000_297661.jpg,5
emotionet_5_sixth_50000_297666.jpg,2
emotionet_5_sixth_50000_297668.jpg,6
emotionet_5_sixth_50000_297688.JPG,2
emotionet_5_sixth_50000_297712.jpg,0
emotionet_5_sixth_50000_297739.jpg,6
emotionet_5_sixth_50000_297745.jpg,4
emotionet_5_sixth_50000_297769.jpg,6
emotionet_5_sixth_50000_297827.jpg,1
emotionet_5_sixth_50000_297870.jpg,4
emotionet_5_sixth_50000_297883.jpg,6
emotionet_5_sixth_50000_297884.jpg,6
emotionet_5_sixth_50000_297903.jpg,7
emotionet_5_sixth_50000_297904.jpg,0
emotionet_5_sixth_50000_297928.jpg,7
emotionet_5_sixth_50000_297936.jpg,1
emotionet_5_sixth_50000_297954.jpg,6
emotionet_5_sixth_50000_297971.jpg,3
emotionet_5_sixth_50000_297976.jpg,6
emotionet_5_sixth_50000_297978.jpg,3
emotionet_5_sixth_50000_297985.jpeg,4
emotionet_5_sixth_50000_298019.jpg,2
emotionet_5_sixth_50000_298133.jpg,2
emotionet_5_sixth_50000_298146.jpg,0
emotionet_5_sixth_50000_298148.jpg,1
emotionet_5_sixth_50000_298218.jpg,7
emotionet_5_sixth_50000_298287.jpg,1
emotionet_5_sixth_50000_298289.jpg,5
emotionet_5_sixth_50000_298309.jpg,4
emotionet_5_sixth_50000_298322.jpg,7
emotionet_5_sixth_50000_298372.jpg,8
emotionet_5_sixth_50000_298375.jpg,3
emotionet_5_sixth_50000_298388.jpg,2
emotionet_5_sixth_50000_298471.jpg,8
emotionet_5_sixth_50000_298520.jpg,6
emotionet_5_sixth_50000_298529.jpg,1
emotionet_5_sixth_50000_298552.jpg,1
emotionet_5_sixth_50000_298570.jpg,6
emotionet_5_sixth_50000_298577.jpg,6
emotionet_5_sixth_50000_298583.jpg,4
emotionet_5_sixth_50000_298584.jpg,5
emotionet_5_sixth_50000_298642.jpg,4
emotionet_5_sixth_50000_298645.jpg,2
emotionet_5_sixth_50000_298653.jpeg,6
emotionet_5_sixth_50000_298667.jpg,6
emotionet_5_sixth_50000_298714.jpg,7
emotionet_5_sixth_50000_298738.jpg,4
emotionet_5_sixth_50000_298743.jpg,7
emotionet_5_sixth_50000_298803.jpg,0
emotionet_5_sixth_50000_298905.jpg,6
emotionet_5_sixth_50000_298952.jpg,4
emotionet_5_sixth_50000_299002.jpg,1
emotionet_5_sixth_50000_299027.jpg,6
emotionet_5_sixth_50000_299077.jpg,0
emotionet_5_sixth_50000_299121.jpg,6
emotionet_5_sixth_50000_299153.jpg,3
